  0
SECTION
  2
HEADER
  9
$ACADVER
  1
AC1032
  9
$ACADMAINTVER
 90
      248
  9
$DWGCODEPAGE
  3
ANSI_1256
  9
$LASTSAVEDBY
  1
AYMN
  9
$REQUIREDVERSIONS
160
                 0
  9
$INSBASE
 10
0.0
 20
0.0
 30
0.0
  9
$EXTMIN
 10
370.9083600461159
 20
301.0109324738355
 30
0.0
  9
$EXTMAX
 10
778.6702959761312
 20
626.5
 30
0.0
  9
$LIMMIN
 10
0.0
 20
0.0
  9
$LIMMAX
 10
12.0
 20
9.0
  9
$ORTHOMODE
 70
     0
  9
$REGENMODE
 70
     1
  9
$FILLMODE
 70
     1
  9
$QTEXTMODE
 70
     0
  9
$MIRRTEXT
 70
     1
  9
$LTSCALE
 40
1.0
  9
$ATTMODE
 70
     1
  9
$TEXTSIZE
 40
0.2
  9
$TRACEWID
 40
0.05
  9
$TEXTSTYLE
  7
STANDARD
  9
$CLAYER
  8
0
  9
$CELTYPE
  6
ByLayer
  9
$CECOLOR
 62
   256
  9
$CELTSCALE
 40
1.0
  9
$DISPSILH
 70
     0
  9
$DIMSCALE
 40
1.0
  9
$DIMASZ
 40
0.18
  9
$DIMEXO
 40
0.0625
  9
$DIMDLI
 40
0.38
  9
$DIMRND
 40
0.0
  9
$DIMDLE
 40
0.0
  9
$DIMEXE
 40
0.18
  9
$DIMTP
 40
0.0
  9
$DIMTM
 40
0.0
  9
$DIMTXT
 40
2.0
  9
$DIMCEN
 40
0.09
  9
$DIMTSZ
 40
0.0
  9
$DIMTOL
 70
     0
  9
$DIMLIM
 70
     0
  9
$DIMTIH
 70
     1
  9
$DIMTOH
 70
     1
  9
$DIMSE1
 70
     0
  9
$DIMSE2
 70
     0
  9
$DIMTAD
 70
     0
  9
$DIMZIN
 70
     0
  9
$DIMBLK
  1

  9
$DIMASO
 70
     1
  9
$DIMSHO
 70
     1
  9
$DIMPOST
  1

  9
$DIMAPOST
  1

  9
$DIMALT
 70
     0
  9
$DIMALTD
 70
     2
  9
$DIMALTF
 40
25.4
  9
$DIMLFAC
 40
1.0
  9
$DIMTOFL
 70
     0
  9
$DIMTVP
 40
0.0
  9
$DIMTIX
 70
     0
  9
$DIMSOXD
 70
     0
  9
$DIMSAH
 70
     0
  9
$DIMBLK1
  1

  9
$DIMBLK2
  1

  9
$DIMSTYLE
  2
STANDARD
  9
$DIMCLRD
 70
     0
  9
$DIMCLRE
 70
     0
  9
$DIMCLRT
 70
     0
  9
$DIMTFAC
 40
1.0
  9
$DIMGAP
 40
0.09
  9
$DIMJUST
 70
     0
  9
$DIMSD1
 70
     0
  9
$DIMSD2
 70
     0
  9
$DIMTOLJ
 70
     1
  9
$DIMTZIN
 70
     0
  9
$DIMALTZ
 70
     0
  9
$DIMALTTZ
 70
     0
  9
$DIMUPT
 70
     0
  9
$DIMDEC
 70
     4
  9
$DIMTDEC
 70
     4
  9
$DIMALTU
 70
     2
  9
$DIMALTTD
 70
     2
  9
$DIMTXSTY
  7
STANDARD
  9
$DIMAUNIT
 70
     0
  9
$DIMADEC
 70
     0
  9
$DIMALTRND
 40
0.0
  9
$DIMAZIN
 70
     0
  9
$DIMDSEP
 70
    46
  9
$DIMATFIT
 70
     3
  9
$DIMFRAC
 70
     0
  9
$DIMLDRBLK
  1

  9
$DIMLUNIT
 70
     2
  9
$DIMLWD
 70
    -2
  9
$DIMLWE
 70
    -2
  9
$DIMTMOVE
 70
     0
  9
$DIMFXL
 40
1.0
  9
$DIMFXLON
 70
     0
  9
$DIMJOGANG
 40
0.7853981633974483
  9
$DIMTFILL
 70
     0
  9
$DIMTFILLCLR
 70
     0
  9
$DIMARCSYM
 70
     0
  9
$DIMLTYPE
  6

  9
$DIMLTEX1
  6

  9
$DIMLTEX2
  6

  9
$DIMTXTDIRECTION
 70
     0
  9
$LUNITS
 70
     2
  9
$LUPREC
 70
     3
  9
$SKETCHINC
 40
0.1
  9
$FILLETRAD
 40
0.5
  9
$AUNITS
 70
     0
  9
$AUPREC
 70
     0
  9
$MENU
  1
.
  9
$ELEVATION
 40
0.0
  9
$PELEVATION
 40
0.0
  9
$THICKNESS
 40
0.0
  9
$LIMCHECK
 70
     0
  9
$CHAMFERA
 40
0.0
  9
$CHAMFERB
 40
0.0
  9
$CHAMFERC
 40
0.0
  9
$CHAMFERD
 40
0.0
  9
$SKPOLY
 70
     0
  9
$TDCREATE
 40
2454910.500000000
  9
$TDUCREATE
 40
2454910.375000000
  9
$TDUPDATE
 40
2461234.726041667
  9
$TDUUPDATE
 40
2461234.601041667
  9
$TDINDWG
 40
0.4445370486
  9
$TDUSRTIMER
 40
0.4445370486
  9
$USRTIMER
 70
     1
  9
$ANGBASE
 50
0.0
  9
$ANGDIR
 70
     0
  9
$PDMODE
 70
     0
  9
$PDSIZE
 40
0.0
  9
$PLINEWID
 40
0.0
  9
$SPLFRAME
 70
     0
  9
$SPLINETYPE
 70
     6
  9
$SPLINESEGS
 70
     8
  9
$HANDSEED
  5
1971
  9
$SURFTAB1
 70
     6
  9
$SURFTAB2
 70
     6
  9
$SURFTYPE
 70
     6
  9
$SURFU
 70
     6
  9
$SURFV
 70
     6
  9
$UCSBASE
  2

  9
$UCSNAME
  2

  9
$UCSORG
 10
0.0
 20
0.0
 30
0.0
  9
$UCSXDIR
 10
1.0
 20
0.0
 30
0.0
  9
$UCSYDIR
 10
0.0
 20
1.0
 30
0.0
  9
$UCSORTHOREF
  2

  9
$UCSORTHOVIEW
 70
     0
  9
$UCSORGTOP
 10
0.0
 20
0.0
 30
0.0
  9
$UCSORGBOTTOM
 10
0.0
 20
0.0
 30
0.0
  9
$UCSORGLEFT
 10
0.0
 20
0.0
 30
0.0
  9
$UCSORGRIGHT
 10
0.0
 20
0.0
 30
0.0
  9
$UCSORGFRONT
 10
0.0
 20
0.0
 30
0.0
  9
$UCSORGBACK
 10
0.0
 20
0.0
 30
0.0
  9
$PUCSBASE
  2

  9
$PUCSNAME
  2

  9
$PUCSORG
 10
0.0
 20
0.0
 30
0.0
  9
$PUCSXDIR
 10
1.0
 20
0.0
 30
0.0
  9
$PUCSYDIR
 10
0.0
 20
1.0
 30
0.0
  9
$PUCSORTHOREF
  2

  9
$PUCSORTHOVIEW
 70
     0
  9
$PUCSORGTOP
 10
0.0
 20
0.0
 30
0.0
  9
$PUCSORGBOTTOM
 10
0.0
 20
0.0
 30
0.0
  9
$PUCSORGLEFT
 10
0.0
 20
0.0
 30
0.0
  9
$PUCSORGRIGHT
 10
0.0
 20
0.0
 30
0.0
  9
$PUCSORGFRONT
 10
0.0
 20
0.0
 30
0.0
  9
$PUCSORGBACK
 10
0.0
 20
0.0
 30
0.0
  9
$USERI1
 70
     0
  9
$USERI2
 70
     0
  9
$USERI3
 70
     0
  9
$USERI4
 70
     0
  9
$USERI5
 70
     0
  9
$USERR1
 40
0.0
  9
$USERR2
 40
0.0
  9
$USERR3
 40
0.0
  9
$USERR4
 40
0.0
  9
$USERR5
 40
0.0
  9
$WORLDVIEW
 70
     1
  9
$SHADEDGE
 70
     3
  9
$SHADEDIF
 70
    70
  9
$TILEMODE
 70
     1
  9
$MAXACTVP
 70
    64
  9
$PINSBASE
 10
0.0
 20
0.0
 30
0.0
  9
$PLIMCHECK
 70
     0
  9
$PEXTMIN
 10
1.000000000000000E+20
 20
1.000000000000000E+20
 30
1.000000000000000E+20
  9
$PEXTMAX
 10
-1.000000000000000E+20
 20
-1.000000000000000E+20
 30
-1.000000000000000E+20
  9
$PLIMMIN
 10
0.0
 20
0.0
  9
$PLIMMAX
 10
12.0
 20
9.0
  9
$UNITMODE
 70
     0
  9
$VISRETAIN
 70
     1
  9
$PLINEGEN
 70
     0
  9
$PSLTSCALE
 70
     1
  9
$TREEDEPTH
 70
  3020
  9
$CMLSTYLE
  2
Standard
  9
$CMLJUST
 70
     0
  9
$CMLSCALE
 40
1.0
  9
$PROXYGRAPHICS
 70
     1
  9
$MEASUREMENT
 70
     0
  9
$CELWEIGHT
370
    -1
  9
$ENDCAPS
280
     0
  9
$JOINSTYLE
280
     0
  9
$LWDISPLAY
290
     0
  9
$INSUNITS
 70
     4
  9
$HYPERLINKBASE
  1

  9
$STYLESHEET
  1

  9
$XEDIT
290
     1
  9
$CEPSNTYPE
380
     0
  9
$PSTYLEMODE
290
     1
  9
$FINGERPRINTGUID
  2
{EF10F3D9-53D3-5543-A599-BCCB9E516FF0}
  9
$VERSIONGUID
  2
{D0BA63A8-35A2-8446-B8F4-C0453897B344}
  9
$EXTNAMES
290
     1
  9
$PSVPSCALE
 40
0.0
  9
$OLESTARTUP
290
     0
  9
$SORTENTS
280
   127
  9
$INDEXCTL
280
     0
  9
$HIDETEXT
280
     0
  9
$XCLIPFRAME
280
     2
  9
$HALOGAP
280
     0
  9
$OBSCOLOR
 70
   257
  9
$OBSLTYPE
280
     0
  9
$INTERSECTIONDISPLAY
280
     0
  9
$INTERSECTIONCOLOR
 70
   257
  9
$DIMASSOC
280
     1
  9
$PROJECTNAME
  1

  9
$CAMERADISPLAY
290
     0
  9
$LENSLENGTH
 40
50.0
  9
$CAMERAHEIGHT
 40
0.0
  9
$STEPSPERSEC
 40
2.0
  9
$STEPSIZE
 40
6.0
  9
$3DDWFPREC
 40
2.0
  9
$PSOLWIDTH
 40
0.25
  9
$PSOLHEIGHT
 40
4.0
  9
$LOFTANG1
 40
1.570796326794896
  9
$LOFTANG2
 40
1.570796326794896
  9
$LOFTMAG1
 40
0.0
  9
$LOFTMAG2
 40
0.0
  9
$LOFTPARAM
 70
     7
  9
$LOFTNORMALS
280
     1
  9
$LATITUDE
 40
37.795
  9
$LONGITUDE
 40
-122.394
  9
$NORTHDIRECTION
 40
0.0
  9
$TIMEZONE
 70
 -8000
  9
$LIGHTGLYPHDISPLAY
280
     1
  9
$TILEMODELIGHTSYNCH
280
     1
  9
$CMATERIAL
347
1062
  9
$SOLIDHIST
280
     0
  9
$SHOWHIST
280
     1
  9
$DWFFRAME
280
     2
  9
$DGNFRAME
280
     0
  9
$REALWORLDSCALE
290
     1
  9
$INTERFERECOLOR
 62
     1
  9
$INTERFEREOBJVS
345
1084
  9
$INTERFEREVPVS
346
1081
  9
$CSHADOW
280
     0
  9
$SHADOWPLANELOCATION
 40
0.0
  0
ENDSEC
  0
SECTION
  2
CLASSES
  0
CLASS
  1
ACDBDICTIONARYWDFLT
  2
AcDbDictionaryWithDefault
  3
ObjectDBX Classes
 90
        0
 91
        1
280
     0
281
     0
  0
CLASS
  1
MATERIAL
  2
AcDbMaterial
  3
ObjectDBX Classes
 90
     1153
 91
        3
280
     0
281
     0
  0
CLASS
  1
VISUALSTYLE
  2
AcDbVisualStyle
  3
ObjectDBX Classes
 90
     4095
 91
       24
280
     0
281
     0
  0
CLASS
  1
SCALE
  2
AcDbScale
  3
ObjectDBX Classes
 90
     1153
 91
       17
280
     0
281
     0
  0
CLASS
  1
TABLESTYLE
  2
AcDbTableStyle
  3
ObjectDBX Classes
 90
     4095
 91
        1
280
     0
281
     0
  0
CLASS
  1
MLEADERSTYLE
  2
AcDbMLeaderStyle
  3
ACDB_MLEADERSTYLE_CLASS
 90
     4095
 91
        1
280
     0
281
     0
  0
CLASS
  1
ACDBSECTIONVIEWSTYLE
  2
AcDbSectionViewStyle
  3
ObjectDBX Classes
 90
     1025
 91
        1
280
     0
281
     0
  0
CLASS
  1
ACDBDETAILVIEWSTYLE
  2
AcDbDetailViewStyle
  3
ObjectDBX Classes
 90
     1025
 91
        1
280
     0
281
     0
  0
CLASS
  1
DICTIONARYVAR
  2
AcDbDictionaryVar
  3
ObjectDBX Classes
 90
        0
 91
       11
280
     0
281
     0
  0
CLASS
  1
RASTERVARIABLES
  2
AcDbRasterVariables
  3
ISM
 90
        0
 91
        1
280
     0
281
     0
  0
CLASS
  1
IMAGEDEF
  2
AcDbRasterImageDef
  3
ISM
 90
        0
 91
        2
280
     0
281
     0
  0
CLASS
  1
IMAGEDEF_REACTOR
  2
AcDbRasterImageDefReactor
  3
ISM
 90
        1
 91
        0
280
     0
281
     0
  0
CLASS
  1
IMAGE
  2
AcDbRasterImage
  3
ISM
 90
     2175
 91
        0
280
     0
281
     1
  0
CLASS
  1
ACARRAYJIGENTITY
  2
AcArrayJigEntity
  3
ACAD_ARRAY
 90
      129
 91
        0
280
     0
281
     1
  0
CLASS
  1
ACDBASSOCNETWORK
  2
AcDbAssocNetwork
  3
ObjectDBX Classes
 90
     1025
 91
        0
280
     0
281
     0
  0
CLASS
  1
ACDBASSOCACTION
  2
AcDbAssocAction
  3
ObjectDBX Classes
 90
     1025
 91
        0
280
     0
281
     0
  0
CLASS
  1
ACDBASSOCARRAYACTIONBODY
  2
AcDbAssocArrayActionBody
  3
ObjectDBX Classes
 90
     1025
 91
        0
280
     0
281
     0
  0
CLASS
  1
ACDBASSOCVERTEXACTIONPARAM
  2
AcDbAssocVertexActionParam
  3
ObjectDBX Classes
 90
     1025
 91
        0
280
     0
281
     0
  0
CLASS
  1
ACDBASSOCDEPENDENCY
  2
AcDbAssocDependency
  3
ObjectDBX Classes
 90
     1025
 91
        0
280
     0
281
     0
  0
CLASS
  1
ACDBASSOCARRAYRECTANGULARPARAMETERS
  2
AcDbAssocArrayRectangularParameters
  3
ObjectDBX Classes
 90
     1025
 91
        0
280
     0
281
     0
  0
CLASS
  1
SOLID_BACKGROUND
  2
AcDbSolidBackground
  3
SCENEOE
 90
     4095
 91
        0
280
     0
281
     0
  0
CLASS
  1
NPOCOLLECTION
  2
AcDbImpNonPersistentObjectsCollection
  3
ObjectDBX Classes
 90
     1153
 91
        0
280
     0
281
     0
  0
CLASS
  1
CELLSTYLEMAP
  2
AcDbCellStyleMap
  3
ObjectDBX Classes
 90
     1152
 91
        1
280
     0
281
     0
  0
ENDSEC
  0
SECTION
  2
TABLES
  0
TABLE
  2
VPORT
  5
1059
330
0
100
AcDbSymbolTable
 70
     1
  0
VPORT
  5
10C4
330
1059
100
AcDbSymbolTableRecord
100
AcDbViewportTableRecord
  2
*ACTIVE
 70
     0
 10
0.0
 20
0.0
 11
1.0
 21
1.0
 12
560.0169854233983
 22
438.2727539357963
 13
0.0
 23
0.0
 14
0.5
 24
0.5
 15
0.5
 25
0.5
 16
0.0
 26
0.0
 36
1.0
 17
0.0
 27
0.0
 37
0.0
 40
458.0879390266759
 41
2.502607561929595
 42
50.0
 43
0.0
 44
0.0
 50
0.0
 51
0.0
 71
     0
 72
   100
 73
     1
 74
     3
 75
     1
 76
     0
 77
     0
 78
     0
281
     0
 65
     1
110
0.0
120
0.0
130
0.0
111
1.0
121
0.0
131
0.0
112
0.0
122
1.0
132
0.0
 79
     0
146
0.0
348
1080
 60
     3
 61
     5
292
     1
282
     0
141
0.0
142
0.0
 63
   250
421
  3355443
1001
ACAD_NAV_VCDISPLAY
1070
     3
  0
ENDTAB
  0
TABLE
  2
LTYPE
  5
1056
330
0
100
AcDbSymbolTable
 70
     2
  0
LTYPE
  5
10AB
330
1056
100
AcDbSymbolTableRecord
100
AcDbLinetypeTableRecord
  2
ByBlock
 70
     0
  3

 72
    65
 73
     0
 40
0.0
  0
LTYPE
  5
10AC
330
1056
100
AcDbSymbolTableRecord
100
AcDbLinetypeTableRecord
  2
ByLayer
 70
     0
  3

 72
    65
 73
     0
 40
0.0
  0
LTYPE
  5
10AD
330
1056
100
AcDbSymbolTableRecord
100
AcDbLinetypeTableRecord
  2
CONTINUOUS
 70
     0
  3
Solid line
 72
    65
 73
     0
 40
0.0
  0
LTYPE
  5
10C5
330
1056
100
AcDbSymbolTableRecord
100
AcDbLinetypeTableRecord
  2
CONTINUOUS2
 70
     0
  3
Solid Line
 72
    65
 73
     0
 40
0.0
  0
ENDTAB
  0
TABLE
  2
LAYER
  5
1053
102
{ACAD_XDICTIONARY
360
1537
102
}
330
0
100
AcDbSymbolTable
 70
     3
  0
LAYER
  5
10A5
102
{ACAD_XDICTIONARY
360
1526
102
}
330
1053
100
AcDbSymbolTableRecord
100
AcDbLayerTableRecord
  2
0
 70
     0
 62
     7
  6
CONTINUOUS
370
    -3
390
1060
347
1072
348
0
  0
LAYER
  5
10C6
102
{ACAD_XDICTIONARY
360
1528
102
}
330
1053
100
AcDbSymbolTableRecord
100
AcDbLayerTableRecord
  2
CAMADA_1
 70
     0
 62
     7
  6
CONTINUOUS
370
    -3
390
1060
347
1072
348
0
  0
LAYER
  5
1280
330
1053
100
AcDbSymbolTableRecord
100
AcDbLayerTableRecord
  2
Defpoints
 70
     0
 62
     7
  6
CONTINUOUS
290
     0
370
    -3
390
1060
347
1072
348
0
  0
ENDTAB
  0
TABLE
  2
STYLE
  5
1054
330
0
100
AcDbSymbolTable
 70
     2
  0
STYLE
  5
10A6
330
1054
100
AcDbSymbolTableRecord
100
AcDbTextStyleTableRecord
  2
STANDARD
 70
     0
 40
0.0
 41
1.0
 50
0.0
 71
     0
 42
0.2
  3
txt
  4

  0
STYLE
  5
10AA
330
1054
100
AcDbSymbolTableRecord
100
AcDbTextStyleTableRecord
  2
Annotative
 70
     0
 40
0.0
 41
1.0
 50
0.0
 71
     0
 42
0.2
  3
txt
  4

1001
AcadAnnotative
1000
AnnotativeData
1002
{
1070
     1
1070
     1
1002
}
  0
ENDTAB
  0
TABLE
  2
VIEW
  5
1057
330
0
100
AcDbSymbolTable
 70
     0
  0
ENDTAB
  0
TABLE
  2
UCS
  5
1058
330
0
100
AcDbSymbolTable
 70
     0
  0
ENDTAB
  0
TABLE
  2
APPID
  5
105A
330
0
100
AcDbSymbolTable
 70
     8
  0
APPID
  5
10A7
330
105A
100
AcDbSymbolTableRecord
100
AcDbRegAppTableRecord
  2
ACAD
 70
     0
  0
APPID
  5
10AE
330
105A
100
AcDbSymbolTableRecord
100
AcDbRegAppTableRecord
  2
AcadAnnotative
 70
     0
  0
APPID
  5
10D0
330
105A
100
AcDbSymbolTableRecord
100
AcDbRegAppTableRecord
  2
ACAD_NAV_VCDISPLAY
 70
     0
  0
APPID
  5
127C
330
105A
100
AcDbSymbolTableRecord
100
AcDbRegAppTableRecord
  2
ACAD_DSTYLE_DIMJAG
 70
     0
  0
APPID
  5
127D
330
105A
100
AcDbSymbolTableRecord
100
AcDbRegAppTableRecord
  2
ACAD_DSTYLE_DIMTALN
 70
     0
  0
APPID
  5
127E
330
105A
100
AcDbSymbolTableRecord
100
AcDbRegAppTableRecord
  2
Acad_TC
 70
     0
  0
APPID
  5
12D4
330
105A
100
AcDbSymbolTableRecord
100
AcDbRegAppTableRecord
  2
ACAD_DSTYLE_DIMRADIAL_EXTENSION
 70
     0
  0
APPID
  5
13BE
330
105A
100
AcDbSymbolTableRecord
100
AcDbRegAppTableRecord
  2
ACAD_EXEMPT_FROM_CAD_STANDARDS
 70
     0
  0
ENDTAB
  0
TABLE
  2
DIMSTYLE
  5
105B
330
0
100
AcDbSymbolTable
 70
     2
100
AcDbDimStyleTable
 71
     2
340
10A8
340
10A9
  0
DIMSTYLE
105
10A8
330
105B
100
AcDbSymbolTableRecord
100
AcDbDimStyleTableRecord
  2
STANDARD
 70
     0
279
     2
340
10A6
  0
DIMSTYLE
105
10A9
330
105B
100
AcDbSymbolTableRecord
100
AcDbDimStyleTableRecord
  2
Annotative
 70
     0
340
10A6
1001
AcadAnnotative
1000
AnnotativeData
1002
{
1070
     1
1070
     1
1002
}
  0
ENDTAB
  0
TABLE
  2
BLOCK_RECORD
  5
1052
330
0
100
AcDbSymbolTable
 70
     2
  0
BLOCK_RECORD
  5
10C0
102
{ACAD_XDICTIONARY
360
168F
102
}
330
1052
100
AcDbSymbolTableRecord
100
AcDbBlockTableRecord
  2
*Model_Space
340
10C3
 70
     0
280
     1
281
     0
  0
BLOCK_RECORD
  5
10BC
330
1052
100
AcDbSymbolTableRecord
100
AcDbBlockTableRecord
  2
*Paper_Space
340
10BF
 70
     0
280
     1
281
     0
  0
BLOCK_RECORD
  5
10C8
330
1052
100
AcDbSymbolTableRecord
100
AcDbBlockTableRecord
  2
$MODEL_SPACE
340
0
 70
     0
280
     1
281
     0
  0
BLOCK_RECORD
  5
10CA
330
1052
100
AcDbSymbolTableRecord
100
AcDbBlockTableRecord
  2
$PAPER_SPACE
340
0
 70
     0
280
     1
281
     0
  0
ENDTAB
  0
ENDSEC
  0
SECTION
  2
BLOCKS
  0
BLOCK
  5
10C1
330
10C0
100
AcDbEntity
  8
0
100
AcDbBlockBegin
  2
*Model_Space
 70
     0
 10
0.0
 20
0.0
 30
0.0
  3
*Model_Space
  1

  0
ENDBLK
  5
10C2
330
10C0
100
AcDbEntity
  8
0
100
AcDbBlockEnd
  0
BLOCK
  5
10BD
330
10BC
100
AcDbEntity
 67
     1
  8
0
100
AcDbBlockBegin
  2
*Paper_Space
 70
     0
 10
0.0
 20
0.0
 30
0.0
  3
*Paper_Space
  1

  0
ENDBLK
  5
10BE
330
10BC
100
AcDbEntity
 67
     1
  8
0
100
AcDbBlockEnd
  0
BLOCK
  5
10C9
330
10C8
100
AcDbEntity
  8
0
100
AcDbBlockBegin
  2
$MODEL_SPACE
 70
     0
 10
0.0
 20
0.0
 30
0.0
  3
$MODEL_SPACE
  1

  0
ENDBLK
  5
21
330
10C8
100
AcDbEntity
  8
0
100
AcDbBlockEnd
  0
BLOCK
  5
10CB
330
10CA
100
AcDbEntity
  8
0
100
AcDbBlockBegin
  2
$PAPER_SPACE
 70
     0
 10
0.0
 20
0.0
 30
0.0
  3
$PAPER_SPACE
  1

  0
ENDBLK
  5
1D
330
10CA
100
AcDbEntity
  8
0
100
AcDbBlockEnd
  0
ENDSEC
  0
SECTION
  2
ENTITIES
  0
LWPOLYLINE
  5
70
330
10C0
100
AcDbEntity
  8
CAMADA_1
100
AcDbPolyline
 90
      132
 70
     1
 43
0.0
 10
537.7707824401236
 20
557.6054124589618
 10
537.7677251938592
 20
559.047584833392
 10
537.7718239543126
 20
559.2344677494057
 10
537.7839882887595
 20
559.4188973440809
 10
537.8040202768298
 20
559.6006454356817
 10
537.8317219981536
 20
559.7794838424721
 10
537.8668955323608
 20
559.9551843827163
 10
537.9093429590812
 20
560.127518874678
 10
537.9588663579452
 20
560.2962591366213
 10
538.0152678085826
 20
560.4611769868102
 10
538.0783493906234
 20
560.6220442435088
 10
538.1479131836977
 20
560.7786327249812
 10
538.2237612674352
 20
560.9307142494913
 10
538.3056957214657
 20
561.078060635303
 10
538.3935186254197
 20
561.2204437006803
 10
538.4870320589271
 20
561.3576352638874
 10
538.5860381016177
 20
561.4894071431884
 10
538.6903388331217
 20
561.6155311568468
 10
538.7997363330689
 20
561.7357791231271
 10
538.9140326810895
 20
561.8499228602932
 10
539.0330299568131
 20
561.957734186609
 10
539.1565302398701
 20
562.0589849203386
 10
539.2843356098901
 20
562.153446879746
 10
539.4162481465033
 20
562.2408918830951
 10
539.55206992934
 20
562.3210917486501
 10
539.6916030380295
 20
562.3938182946749
 10
539.8346495522026
 20
562.4588433394335
 10
539.9810115514884
 20
562.51593870119
 10
540.1304911155175
 20
562.5648761982083
 10
540.2828903239196
 20
562.6054276487523
 10
540.4380112563249
 20
562.6373648710863
 10
540.5956559923634
 20
562.6604596834742
 10
540.7556266116649
 20
562.6744839041803
 10
540.9177251938594
 20
562.6792093514679
 10
541.0798237760539
 20
562.6744839041803
 10
541.2397943953553
 20
562.6604596834742
 10
541.3974391313939
 20
562.6373648710863
 10
541.552560063799
 20
562.6054276487523
 10
541.7049592722011
 20
562.5648761982083
 10
541.8544388362303
 20
562.51593870119
 10
542.0008008355162
 20
562.4588433394335
 10
542.1438473496891
 20
562.3938182946749
 10
542.2833804583787
 20
562.3210917486501
 10
542.4192022412153
 20
562.2408918830951
 10
542.5511147778286
 20
562.153446879746
 10
542.6789201478486
 20
562.0589849203386
 10
542.8024204309056
 20
561.957734186609
 10
542.9214177066293
 20
561.8499228602932
 10
543.0357140546497
 20
561.7357791231271
 10
543.1451115545971
 20
561.6155311568468
 10
543.249412286101
 20
561.4894071431884
 10
543.3484183287917
 20
561.3576352638874
 10
543.4419317622991
 20
561.2204437006803
 10
543.5297546662529
 20
561.078060635303
 10
543.6116891202837
 20
560.9307142494913
 10
543.6875372040211
 20
560.7786327249812
 10
543.7571009970953
 20
560.6220442435088
 10
543.8201825791361
 20
560.4611769868102
 10
543.8765840297735
 20
560.2962591366213
 10
543.9261074286373
 20
560.127518874678
 10
543.968554855358
 20
559.9551843827163
 10
544.0037283895651
 20
559.7794838424721
 10
544.0314301108888
 20
559.6006454356817
 10
544.0514620989594
 20
559.4188973440809
 10
544.0636264334061
 20
559.2344677494057
 10
544.0677251938596
 20
559.047584833392
 10
544.0675447834718
 20
557.483234990746
 10
544.0677251938596
 20
557.4439596203687
 10
544.0636264334061
 20
557.2570767043548
 10
544.0514620989594
 20
557.0726471096796
 10
544.0314301108888
 20
556.8908990180786
 10
544.0037283895651
 20
556.7120606112882
 10
543.968554855358
 20
556.5363600710441
 10
543.9261074286373
 20
556.3640255790825
 10
543.8765840297735
 20
556.1952853171391
 10
543.8201825791361
 20
556.03036746695
 10
543.7571009970953
 20
555.8695002102516
 10
543.6875372040211
 20
555.7129117287793
 10
543.6116891202837
 20
555.5608302042692
 10
543.5297546662529
 20
555.4134838184575
 10
543.4419317622991
 20
555.2711007530802
 10
543.3484183287917
 20
555.1339091898731
 10
543.249412286101
 20
555.0021373105722
 10
543.1451115545971
 20
554.8760132969136
 10
543.0357140546497
 20
554.7557653306333
 10
542.9214177066293
 20
554.6416215934673
 10
542.8024204309056
 20
554.5338102671514
 10
542.6789201478486
 20
554.4325595334218
 10
542.5511147778286
 20
554.3380975740144
 10
542.4192022412153
 20
554.2506525706653
 10
542.2833804583787
 20
554.1704527051104
 10
542.1438473496891
 20
554.0977261590856
 10
542.0008008355162
 20
554.0327011143269
 10
541.8544388362303
 20
553.9756057525706
 10
541.7049592722011
 20
553.9266682555522
 10
541.552560063799
 20
553.8861168050081
 10
541.3974391313939
 20
553.854179582674
 10
541.2397943953553
 20
553.831084770286
 10
541.0798237760539
 20
553.8170605495801
 10
540.9177251938594
 20
553.8123351022925
 10
540.7556266116649
 20
553.8170605495801
 10
540.5956559923634
 20
553.831084770286
 10
540.4380112563249
 20
553.854179582674
 10
540.2828903239196
 20
553.8861168050081
 10
540.1304911155175
 20
553.9266682555522
 10
539.9810115514884
 20
553.9756057525706
 10
539.8346495522026
 20
554.0327011143269
 10
539.6916030380295
 20
554.0977261590856
 10
539.55206992934
 20
554.1704527051104
 10
539.4162481465033
 20
554.2506525706653
 10
539.2843356098901
 20
554.3380975740144
 10
539.1565302398701
 20
554.4325595334218
 10
539.0330299568131
 20
554.5338102671514
 10
538.9140326810895
 20
554.6416215934673
 10
538.7997363330689
 20
554.7557653306333
 10
538.6903388331217
 20
554.8760132969136
 10
538.5860381016177
 20
555.0021373105722
 10
538.4870320589271
 20
555.1339091898731
 10
538.3935186254197
 20
555.2711007530802
 10
538.3056957214657
 20
555.4134838184575
 10
538.2237612674352
 20
555.5608302042692
 10
538.1479131836977
 20
555.7129117287793
 10
538.0783493906234
 20
555.8695002102516
 10
538.0152678085826
 20
556.03036746695
 10
537.9588663579452
 20
556.1952853171391
 10
537.9093429590812
 20
556.3640255790825
 10
537.8668955323608
 20
556.5363600710441
 10
537.8317219981536
 20
556.7120606112882
 10
537.8040202768298
 20
556.8908990180786
 10
537.7839882887595
 20
557.0726471096796
 10
537.7718239543126
 20
557.2570767043548
 10
537.7677251938592
 20
557.4439596203687
  0
LWPOLYLINE
  5
71
330
10C0
100
AcDbEntity
  8
CAMADA_1
100
AcDbPolyline
 90
      132
 70
     1
 43
0.0
 10
387.7267641461894
 20
557.6054124589618
 10
387.7237068999249
 20
559.047584833392
 10
387.7278056603783
 20
559.2344677494057
 10
387.7399699948252
 20
559.4188973440809
 10
387.7600019828957
 20
559.6006454356817
 10
387.7877037042193
 20
559.7794838424721
 10
387.8228772384264
 20
559.9551843827163
 10
387.865324665147
 20
560.127518874678
 10
387.914848064011
 20
560.2962591366213
 10
387.9712495146483
 20
560.4611769868102
 10
388.034331096689
 20
560.6220442435088
 10
388.1038948897632
 20
560.7786327249812
 10
388.1797429735005
 20
560.9307142494913
 10
388.2616774275314
 20
561.078060635303
 10
388.3495003314854
 20
561.2204437006803
 10
388.4430137649928
 20
561.3576352638874
 10
388.5420198076835
 20
561.4894071431884
 10
388.6463205391874
 20
561.6155311568468
 10
388.7557180391346
 20
561.7357791231271
 10
388.870014387155
 20
561.8499228602932
 10
388.9890116628788
 20
561.957734186609
 10
389.1125119459357
 20
562.0589849203386
 10
389.2403173159558
 20
562.153446879746
 10
389.3722298525691
 20
562.2408918830951
 10
389.5080516354056
 20
562.3210917486501
 10
389.6475847440953
 20
562.3938182946749
 10
389.7906312582681
 20
562.4588433394335
 10
389.9369932575541
 20
562.51593870119
 10
390.0864728215832
 20
562.5648761982083
 10
390.2388720299855
 20
562.6054276487523
 10
390.3939929623908
 20
562.6373648710863
 10
390.5516376984292
 20
562.6604596834742
 10
390.7116083177307
 20
562.6744839041803
 10
390.8737068999253
 20
562.6792093514679
 10
391.0358054821198
 20
562.6744839041803
 10
391.1957761014213
 20
562.6604596834742
 10
391.3534208374597
 20
562.6373648710863
 10
391.508541769865
 20
562.6054276487523
 10
391.6609409782672
 20
562.5648761982083
 10
391.8104205422963
 20
562.51593870119
 10
391.9567825415822
 20
562.4588433394335
 10
392.099829055755
 20
562.3938182946749
 10
392.2393621644446
 20
562.3210917486501
 10
392.3751839472812
 20
562.2408918830951
 10
392.5070964838945
 20
562.153446879746
 10
392.6349018539146
 20
562.0589849203386
 10
392.7584021369715
 20
561.957734186609
 10
392.8773994126952
 20
561.8499228602932
 10
392.9916957607157
 20
561.7357791231271
 10
393.1010932606628
 20
561.6155311568468
 10
393.2053939921668
 20
561.4894071431884
 10
393.3044000348575
 20
561.3576352638874
 10
393.3979134683649
 20
561.2204437006803
 10
393.4857363723189
 20
561.078060635303
 10
393.5676708263498
 20
560.9307142494913
 10
393.6435189100872
 20
560.7786327249812
 10
393.7130827031613
 20
560.6220442435088
 10
393.776164285202
 20
560.4611769868102
 10
393.8325657358393
 20
560.2962591366213
 10
393.8820891347033
 20
560.127518874678
 10
393.9245365614238
 20
559.9551843827163
 10
393.959710095631
 20
559.7794838424721
 10
393.9874118169547
 20
559.6006454356817
 10
394.0074438050251
 20
559.4188973440809
 10
394.0196081394719
 20
559.2344677494057
 10
394.0237068999253
 20
559.047584833392
 10
394.0235264895376
 20
557.483234990746
 10
394.0237068999253
 20
557.4439596203687
 10
394.0196081394719
 20
557.2570767043548
 10
394.0074438050251
 20
557.0726471096796
 10
393.9874118169547
 20
556.8908990180786
 10
393.959710095631
 20
556.7120606112882
 10
393.9245365614238
 20
556.5363600710441
 10
393.8820891347033
 20
556.3640255790825
 10
393.8325657358393
 20
556.1952853171391
 10
393.776164285202
 20
556.03036746695
 10
393.7130827031613
 20
555.8695002102516
 10
393.6435189100872
 20
555.7129117287793
 10
393.5676708263498
 20
555.5608302042692
 10
393.4857363723189
 20
555.4134838184575
 10
393.3979134683649
 20
555.2711007530802
 10
393.3044000348575
 20
555.1339091898731
 10
393.2053939921668
 20
555.0021373105722
 10
393.1010932606628
 20
554.8760132969136
 10
392.9916957607157
 20
554.7557653306333
 10
392.8773994126952
 20
554.6416215934673
 10
392.7584021369715
 20
554.5338102671514
 10
392.6349018539146
 20
554.4325595334218
 10
392.5070964838945
 20
554.3380975740144
 10
392.3751839472812
 20
554.2506525706653
 10
392.2393621644446
 20
554.1704527051104
 10
392.099829055755
 20
554.0977261590856
 10
391.9567825415822
 20
554.0327011143269
 10
391.8104205422963
 20
553.9756057525706
 10
391.6609409782672
 20
553.9266682555522
 10
391.508541769865
 20
553.8861168050081
 10
391.3534208374597
 20
553.854179582674
 10
391.1957761014213
 20
553.831084770286
 10
391.0358054821198
 20
553.8170605495801
 10
390.8737068999253
 20
553.8123351022925
 10
390.7116083177307
 20
553.8170605495801
 10
390.5516376984292
 20
553.831084770286
 10
390.3939929623908
 20
553.854179582674
 10
390.2388720299855
 20
553.8861168050081
 10
390.0864728215832
 20
553.9266682555522
 10
389.9369932575541
 20
553.9756057525706
 10
389.7906312582681
 20
554.0327011143269
 10
389.6475847440953
 20
554.0977261590856
 10
389.5080516354056
 20
554.1704527051104
 10
389.3722298525691
 20
554.2506525706653
 10
389.2403173159558
 20
554.3380975740144
 10
389.1125119459357
 20
554.4325595334218
 10
388.9890116628788
 20
554.5338102671514
 10
388.870014387155
 20
554.6416215934673
 10
388.7557180391346
 20
554.7557653306333
 10
388.6463205391874
 20
554.8760132969136
 10
388.5420198076835
 20
555.0021373105722
 10
388.4430137649928
 20
555.1339091898731
 10
388.3495003314854
 20
555.2711007530802
 10
388.2616774275314
 20
555.4134838184575
 10
388.1797429735005
 20
555.5608302042692
 10
388.1038948897632
 20
555.7129117287793
 10
388.034331096689
 20
555.8695002102516
 10
387.9712495146483
 20
556.03036746695
 10
387.914848064011
 20
556.1952853171391
 10
387.865324665147
 20
556.3640255790825
 10
387.8228772384264
 20
556.5363600710441
 10
387.7877037042193
 20
556.7120606112882
 10
387.7600019828957
 20
556.8908990180786
 10
387.7399699948252
 20
557.0726471096796
 10
387.7278056603783
 20
557.2570767043548
 10
387.7237068999249
 20
557.4439596203687
  0
LWPOLYLINE
  5
72
330
10C0
100
AcDbEntity
  8
CAMADA_1
100
AcDbPolyline
 90
      132
 70
     1
 43
0.0
 10
462.7614172923803
 20
616.3425988022725
 10
462.7583600461157
 20
617.784771176703
 10
462.7624588065692
 20
617.9716540927168
 10
462.7746231410159
 20
618.156083687392
 10
462.7946551290864
 20
618.3378317789929
 10
462.8223568504101
 20
618.5166701857833
 10
462.8575303846172
 20
618.6923707260275
 10
462.8999778113378
 20
618.8647052179891
 10
462.9495012102018
 20
619.0334454799324
 10
463.0059026608392
 20
619.1983633301215
 10
463.0689842428798
 20
619.3592305868202
 10
463.1385480359539
 20
619.5158190682924
 10
463.2143961196914
 20
619.6679005928026
 10
463.2963305737221
 20
619.8152469786143
 10
463.3841534776762
 20
619.9576300439917
 10
463.4776669111836
 20
620.0948216071988
 10
463.5766729538742
 20
620.2265934864997
 10
463.6809736853783
 20
620.3527175001584
 10
463.7903711853254
 20
620.4729654664386
 10
463.9046675333458
 20
620.5871092036046
 10
464.0236648090696
 20
620.6949205299206
 10
464.1471650921266
 20
620.7961712636503
 10
464.2749704621466
 20
620.8906332230576
 10
464.40688299876
 20
620.9780782264068
 10
464.5427047815965
 20
621.0582780919617
 10
464.6822378902861
 20
621.1310046379865
 10
464.825284404459
 20
621.196029682745
 10
464.9716464037449
 20
621.2531250445014
 10
465.1211259677741
 20
621.3020625415199
 10
465.2735251761763
 20
621.342613992064
 10
465.4286461085816
 20
621.3745512143979
 10
465.5862908446201
 20
621.3976460267859
 10
465.7462614639214
 20
621.4116702474919
 10
465.9083600461161
 20
621.4163956947794
 10
466.0704586283107
 20
621.4116702474919
 10
466.2304292476121
 20
621.3976460267859
 10
466.3880739836504
 20
621.3745512143979
 10
466.5431949160558
 20
621.342613992064
 10
466.6955941244579
 20
621.3020625415199
 10
466.8450736884871
 20
621.2531250445014
 10
466.9914356877731
 20
621.196029682745
 10
467.1344822019459
 20
621.1310046379865
 10
467.2740153106356
 20
621.0582780919617
 10
467.4098370934721
 20
620.9780782264068
 10
467.5417496300853
 20
620.8906332230576
 10
467.6695550001054
 20
620.7961712636503
 10
467.7930552831623
 20
620.6949205299206
 10
467.9120525588861
 20
620.5871092036046
 10
468.0263489069065
 20
620.4729654664386
 10
468.1357464068537
 20
620.3527175001584
 10
468.2400471383576
 20
620.2265934864997
 10
468.3390531810483
 20
620.0948216071988
 10
468.4325666145558
 20
619.9576300439917
 10
468.5203895185098
 20
619.8152469786143
 10
468.6023239725406
 20
619.6679005928026
 10
468.6781720562779
 20
619.5158190682924
 10
468.7477358493521
 20
619.3592305868202
 10
468.8108174313928
 20
619.1983633301215
 10
468.8672188820302
 20
619.0334454799324
 10
468.9167422808941
 20
618.8647052179891
 10
468.9591897076146
 20
618.6923707260275
 10
468.9943632418218
 20
618.5166701857833
 10
469.0220649631456
 20
618.3378317789929
 10
469.0420969512159
 20
618.156083687392
 10
469.0542612856628
 20
617.9716540927168
 10
469.0583600461161
 20
617.784771176703
 10
469.0581796357284
 20
616.2204213340567
 10
469.0583600461161
 20
616.1811459636794
 10
469.0542612856628
 20
615.9942630476657
 10
469.0420969512159
 20
615.8098334529903
 10
469.0220649631456
 20
615.6280853613894
 10
468.9943632418218
 20
615.4492469545989
 10
468.9591897076146
 20
615.2735464143547
 10
468.9167422808941
 20
615.1012119223929
 10
468.8672188820302
 20
614.9324716604496
 10
468.8108174313928
 20
614.7675538102606
 10
468.7477358493521
 20
614.606686553562
 10
468.6781720562779
 20
614.4500980720895
 10
468.6023239725406
 20
614.2980165475794
 10
468.5203895185098
 20
614.1506701617678
 10
468.4325666145558
 20
614.0082870963905
 10
468.3390531810483
 20
613.8710955331832
 10
468.2400471383576
 20
613.7393236538825
 10
468.1357464068537
 20
613.6131996402239
 10
468.0263489069065
 20
613.4929516739435
 10
467.9120525588861
 20
613.3788079367774
 10
467.7930552831623
 20
613.2709966104616
 10
467.6695550001054
 20
613.169745876732
 10
467.5417496300853
 20
613.0752839173246
 10
467.4098370934721
 20
612.9878389139753
 10
467.2740153106356
 20
612.9076390484205
 10
467.1344822019459
 20
612.8349125023955
 10
466.9914356877731
 20
612.769887457637
 10
466.8450736884871
 20
612.7127920958804
 10
466.6955941244579
 20
612.6638545988621
 10
466.5431949160558
 20
612.6233031483181
 10
466.3880739836504
 20
612.5913659259839
 10
466.2304292476121
 20
612.5682711135961
 10
466.0704586283107
 20
612.5542468928902
 10
465.9083600461161
 20
612.5495214456024
 10
465.7462614639214
 20
612.5542468928902
 10
465.5862908446201
 20
612.5682711135961
 10
465.4286461085816
 20
612.5913659259839
 10
465.2735251761763
 20
612.6233031483181
 10
465.1211259677741
 20
612.6638545988621
 10
464.9716464037449
 20
612.7127920958804
 10
464.825284404459
 20
612.769887457637
 10
464.6822378902861
 20
612.8349125023955
 10
464.5427047815965
 20
612.9076390484205
 10
464.40688299876
 20
612.9878389139753
 10
464.2749704621466
 20
613.0752839173246
 10
464.1471650921266
 20
613.169745876732
 10
464.0236648090696
 20
613.2709966104616
 10
463.9046675333458
 20
613.3788079367774
 10
463.7903711853254
 20
613.4929516739435
 10
463.6809736853783
 20
613.6131996402239
 10
463.5766729538742
 20
613.7393236538825
 10
463.4776669111836
 20
613.8710955331832
 10
463.3841534776762
 20
614.0082870963905
 10
463.2963305737221
 20
614.1506701617678
 10
463.2143961196914
 20
614.2980165475794
 10
463.1385480359539
 20
614.4500980720895
 10
463.0689842428798
 20
614.606686553562
 10
463.0059026608392
 20
614.7675538102606
 10
462.9495012102018
 20
614.9324716604496
 10
462.8999778113378
 20
615.1012119223929
 10
462.8575303846172
 20
615.2735464143547
 10
462.8223568504101
 20
615.4492469545989
 10
462.7946551290864
 20
615.6280853613894
 10
462.7746231410159
 20
615.8098334529903
 10
462.7624588065692
 20
615.9942630476657
 10
462.7583600461157
 20
616.1811459636794
  0
LWPOLYLINE
  5
91
330
10C0
100
AcDbEntity
  8
CAMADA_1
100
AcDbPolyline
 90
        4
 70
     1
 43
0.0
 10
420.5609360033742
 20
448.8205714409171
 10
435.8609360033741
 20
448.8205714409171
 10
435.8609360033741
 20
452.0
 10
420.5609360033742
 20
452.0
  0
LWPOLYLINE
  5
92
330
10C0
100
AcDbEntity
  8
CAMADA_1
100
AcDbPolyline
 90
        4
 70
     1
 43
0.0
 10
496.0600477806504
 20
448.8205714409171
 10
511.3600477806504
 20
448.8205714409171
 10
511.3600477806504
 20
452.0
 10
496.0600477806504
 20
452.0
  0
LWPOLYLINE
  5
93
330
10C0
100
AcDbEntity
  8
CAMADA_1
100
AcDbPolyline
 90
      132
 70
     1
 43
0.0
 10
526.1795065159763
 20
453.3222025778861
 10
526.1764492697118
 20
454.7643749523163
 10
526.1805480301653
 20
454.95125786833
 10
526.1927123646121
 20
455.1356874630052
 10
526.2127443526825
 20
455.317435554606
 10
526.2404460740063
 20
455.4962739613966
 10
526.2756196082133
 20
455.6719745016406
 10
526.3180670349341
 20
455.8443089936022
 10
526.3675904337978
 20
456.0130492555456
 10
526.4239918844354
 20
456.1779671057347
 10
526.4870734664761
 20
456.3388343624334
 10
526.5566372595503
 20
456.4954228439057
 10
526.6324853432876
 20
456.6475043684158
 10
526.7144197973183
 20
456.7948507542273
 10
526.8022427012722
 20
456.9372338196047
 10
526.8957561347796
 20
457.0744253828118
 10
526.9947621774703
 20
457.2061972621126
 10
527.0990629089744
 20
457.3323212757713
 10
527.2084604089216
 20
457.4525692420515
 10
527.3227567569421
 20
457.5667129792176
 10
527.4417540326658
 20
457.6745243055334
 10
527.5652543157227
 20
457.7757750392631
 10
527.6930596857428
 20
457.8702369986703
 10
527.8249722223561
 20
457.9576820020196
 10
527.9607940051926
 20
458.0378818675746
 10
528.1003271138822
 20
458.1106084135994
 10
528.2433736280552
 20
458.1756334583579
 10
528.3897356273411
 20
458.2327288201143
 10
528.5392151913701
 20
458.2816663171326
 10
528.6916143997723
 20
458.3222177676768
 10
528.8467353321776
 20
458.354154990011
 10
529.004380068216
 20
458.3772498023988
 10
529.1643506875175
 20
458.3912740231046
 10
529.3264492697122
 20
458.3959994703923
 10
529.4885478519066
 20
458.3912740231046
 10
529.6485184712079
 20
458.3772498023988
 10
529.8061632072465
 20
458.354154990011
 10
529.9612841396517
 20
458.3222177676768
 10
530.1136833480539
 20
458.2816663171326
 10
530.2631629120829
 20
458.2327288201143
 10
530.4095249113689
 20
458.1756334583579
 10
530.5525714255418
 20
458.1106084135994
 10
530.6921045342314
 20
458.0378818675746
 10
530.8279263170679
 20
457.9576820020196
 10
530.9598388536813
 20
457.8702369986703
 10
531.0876442237013
 20
457.7757750392631
 10
531.2111445067584
 20
457.6745243055334
 10
531.330141782482
 20
457.5667129792176
 10
531.4444381305024
 20
457.4525692420515
 10
531.5538356304497
 20
457.3323212757713
 10
531.6581363619536
 20
457.2061972621126
 10
531.7571424046443
 20
457.0744253828118
 10
531.8506558381517
 20
456.9372338196047
 10
531.9384787421056
 20
456.7948507542273
 10
532.0204131961363
 20
456.6475043684158
 10
532.0962612798738
 20
456.4954228439057
 10
532.165825072948
 20
456.3388343624334
 10
532.2289066549887
 20
456.1779671057347
 10
532.2853081056262
 20
456.0130492555456
 10
532.33483150449
 20
455.8443089936022
 10
532.3772789312106
 20
455.6719745016406
 10
532.4124524654178
 20
455.4962739613966
 10
532.4401541867416
 20
455.317435554606
 10
532.460186174812
 20
455.1356874630052
 10
532.4723505092588
 20
454.95125786833
 10
532.4764492697122
 20
454.7643749523163
 10
532.4762688593245
 20
453.2000251096702
 10
532.4764492697122
 20
453.1607497392928
 10
532.4723505092588
 20
452.9738668232791
 10
532.460186174812
 20
452.7894372286039
 10
532.4401541867416
 20
452.607689137003
 10
532.4124524654178
 20
452.4288507302125
 10
532.3772789312106
 20
452.2531501899683
 10
532.33483150449
 20
452.0808156980066
 10
532.2853081056262
 20
451.9120754360634
 10
532.2289066549887
 20
451.7471575858743
 10
532.165825072948
 20
451.5862903291757
 10
532.0962612798738
 20
451.4297018477034
 10
532.0204131961363
 20
451.2776203231933
 10
531.9384787421056
 20
451.1302739373816
 10
531.8506558381517
 20
450.9878908720042
 10
531.7571424046443
 20
450.8506993087971
 10
531.6581363619536
 20
450.7189274294963
 10
531.5538356304497
 20
450.5928034158377
 10
531.4444381305024
 20
450.4725554495573
 10
531.330141782482
 20
450.3584117123913
 10
531.2111445067584
 20
450.2506003860755
 10
531.0876442237013
 20
450.1493496523458
 10
530.9598388536813
 20
450.0548876929386
 10
530.8279263170679
 20
449.9674426895892
 10
530.6921045342314
 20
449.8872428240343
 10
530.5525714255418
 20
449.8145162780097
 10
530.4095249113689
 20
449.749491233251
 10
530.2631629120829
 20
449.6923958714946
 10
530.1136833480539
 20
449.6434583744763
 10
529.9612841396517
 20
449.602906923932
 10
529.8061632072465
 20
449.5709697015979
 10
529.6485184712079
 20
449.5478748892101
 10
529.4885478519066
 20
449.5338506685043
 10
529.3264492697122
 20
449.5291252212165
 10
529.1643506875175
 20
449.5338506685043
 10
529.004380068216
 20
449.5478748892101
 10
528.8467353321776
 20
449.5709697015979
 10
528.6916143997723
 20
449.602906923932
 10
528.5392151913701
 20
449.6434583744763
 10
528.3897356273411
 20
449.6923958714946
 10
528.2433736280552
 20
449.749491233251
 10
528.1003271138822
 20
449.8145162780097
 10
527.9607940051926
 20
449.8872428240343
 10
527.8249722223561
 20
449.9674426895892
 10
527.6930596857428
 20
450.0548876929386
 10
527.5652543157227
 20
450.1493496523458
 10
527.4417540326658
 20
450.2506003860755
 10
527.3227567569421
 20
450.3584117123913
 10
527.2084604089216
 20
450.4725554495573
 10
527.0990629089744
 20
450.5928034158377
 10
526.9947621774703
 20
450.7189274294963
 10
526.8957561347796
 20
450.8506993087971
 10
526.8022427012722
 20
450.9878908720042
 10
526.7144197973183
 20
451.1302739373816
 10
526.6324853432876
 20
451.2776203231933
 10
526.5566372595503
 20
451.4297018477034
 10
526.4870734664761
 20
451.5862903291757
 10
526.4239918844354
 20
451.7471575858743
 10
526.3675904337978
 20
451.9120754360634
 10
526.3180670349341
 20
452.0808156980066
 10
526.2756196082133
 20
452.2531501899683
 10
526.2404460740063
 20
452.4288507302125
 10
526.2127443526825
 20
452.607689137003
 10
526.1927123646121
 20
452.7894372286039
 10
526.1805480301653
 20
452.9738668232791
 10
526.1764492697118
 20
453.1607497392928
  0
LWPOLYLINE
  5
94
330
10C0
100
AcDbEntity
  8
CAMADA_1
100
AcDbPolyline
 90
      132
 70
     1
 43
0.0
 10
399.3180400703349
 20
453.3222025778861
 10
399.3149828240705
 20
454.7643749523163
 10
399.3190815845239
 20
454.95125786833
 10
399.3312459189707
 20
455.1356874630052
 10
399.3512779070411
 20
455.317435554606
 10
399.3789796283648
 20
455.4962739613966
 10
399.4141531625719
 20
455.6719745016406
 10
399.4566005892925
 20
455.8443089936022
 10
399.5061239881565
 20
456.0130492555456
 10
399.5625254387938
 20
456.1779671057347
 10
399.6256070208345
 20
456.3388343624334
 10
399.6951708139087
 20
456.4954228439057
 10
399.7710188976461
 20
456.6475043684158
 10
399.8529533516769
 20
456.7948507542273
 10
399.9407762556309
 20
456.9372338196047
 10
400.0342896891383
 20
457.0744253828118
 10
400.133295731829
 20
457.2061972621126
 10
400.2375964633329
 20
457.3323212757713
 10
400.34699396328
 20
457.4525692420515
 10
400.4612903113006
 20
457.5667129792176
 10
400.5802875870243
 20
457.6745243055334
 10
400.7037878700812
 20
457.7757750392631
 10
400.8315932401013
 20
457.8702369986703
 10
400.9635057767146
 20
457.9576820020196
 10
401.0993275595511
 20
458.0378818675746
 10
401.2388606682407
 20
458.1106084135994
 10
401.3819071824137
 20
458.1756334583579
 10
401.5282691816996
 20
458.2327288201143
 10
401.6777487457288
 20
458.2816663171326
 10
401.8301479541309
 20
458.3222177676768
 10
401.9852688865363
 20
458.354154990011
 10
402.1429136225746
 20
458.3772498023988
 10
402.3028842418762
 20
458.3912740231046
 10
402.4649828240708
 20
458.3959994703923
 10
402.6270814062653
 20
458.3912740231046
 10
402.7870520255667
 20
458.3772498023988
 10
402.9446967616052
 20
458.354154990011
 10
403.0998176940104
 20
458.3222177676768
 10
403.2522169024127
 20
458.2816663171326
 10
403.4016964664417
 20
458.2327288201143
 10
403.5480584657277
 20
458.1756334583579
 10
403.6911049799006
 20
458.1106084135994
 10
403.8306380885903
 20
458.0378818675746
 10
403.9664598714268
 20
457.9576820020196
 10
404.0983724080401
 20
457.8702369986703
 10
404.2261777780601
 20
457.7757750392631
 10
404.3496780611171
 20
457.6745243055334
 10
404.4686753368408
 20
457.5667129792176
 10
404.5829716848611
 20
457.4525692420515
 10
404.6923691848083
 20
457.3323212757713
 10
404.7966699163123
 20
457.2061972621126
 10
404.8956759590029
 20
457.0744253828118
 10
404.9891893925103
 20
456.9372338196047
 10
405.0770122964643
 20
456.7948507542273
 10
405.1589467504952
 20
456.6475043684158
 10
405.2347948342326
 20
456.4954228439057
 10
405.3043586273068
 20
456.3388343624334
 10
405.3674402093475
 20
456.1779671057347
 10
405.4238416599848
 20
456.0130492555456
 10
405.4733650588487
 20
455.8443089936022
 10
405.5158124855693
 20
455.6719745016406
 10
405.5509860197765
 20
455.4962739613966
 10
405.5786877411001
 20
455.317435554606
 10
405.5987197291706
 20
455.1356874630052
 10
405.6108840636174
 20
454.95125786833
 10
405.6149828240708
 20
454.7643749523163
 10
405.614802413683
 20
453.2000251096702
 10
405.6149828240708
 20
453.1607497392928
 10
405.6108840636174
 20
452.9738668232791
 10
405.5987197291706
 20
452.7894372286039
 10
405.5786877411001
 20
452.607689137003
 10
405.5509860197765
 20
452.4288507302125
 10
405.5158124855693
 20
452.2531501899683
 10
405.4733650588487
 20
452.0808156980066
 10
405.4238416599848
 20
451.9120754360634
 10
405.3674402093475
 20
451.7471575858743
 10
405.3043586273068
 20
451.5862903291757
 10
405.2347948342326
 20
451.4297018477034
 10
405.1589467504952
 20
451.2776203231933
 10
405.0770122964643
 20
451.1302739373816
 10
404.9891893925103
 20
450.9878908720042
 10
404.8956759590029
 20
450.8506993087971
 10
404.7966699163123
 20
450.7189274294963
 10
404.6923691848083
 20
450.5928034158377
 10
404.5829716848611
 20
450.4725554495573
 10
404.4686753368408
 20
450.3584117123913
 10
404.3496780611171
 20
450.2506003860755
 10
404.2261777780601
 20
450.1493496523458
 10
404.0983724080401
 20
450.0548876929386
 10
403.9664598714268
 20
449.9674426895892
 10
403.8306380885903
 20
449.8872428240343
 10
403.6911049799006
 20
449.8145162780097
 10
403.5480584657277
 20
449.749491233251
 10
403.4016964664417
 20
449.6923958714946
 10
403.2522169024127
 20
449.6434583744763
 10
403.0998176940104
 20
449.602906923932
 10
402.9446967616052
 20
449.5709697015979
 10
402.7870520255667
 20
449.5478748892101
 10
402.6270814062653
 20
449.5338506685043
 10
402.4649828240708
 20
449.5291252212165
 10
402.3028842418762
 20
449.5338506685043
 10
402.1429136225746
 20
449.5478748892101
 10
401.9852688865363
 20
449.5709697015979
 10
401.8301479541309
 20
449.602906923932
 10
401.6777487457288
 20
449.6434583744763
 10
401.5282691816996
 20
449.6923958714946
 10
401.3819071824137
 20
449.749491233251
 10
401.2388606682407
 20
449.8145162780097
 10
401.0993275595511
 20
449.8872428240343
 10
400.9635057767146
 20
449.9674426895892
 10
400.8315932401013
 20
450.0548876929386
 10
400.7037878700812
 20
450.1493496523458
 10
400.5802875870243
 20
450.2506003860755
 10
400.4612903113006
 20
450.3584117123913
 10
400.34699396328
 20
450.4725554495573
 10
400.2375964633329
 20
450.5928034158377
 10
400.133295731829
 20
450.7189274294963
 10
400.0342896891383
 20
450.8506993087971
 10
399.9407762556309
 20
450.9878908720042
 10
399.8529533516769
 20
451.1302739373816
 10
399.7710188976461
 20
451.2776203231933
 10
399.6951708139087
 20
451.4297018477034
 10
399.6256070208345
 20
451.5862903291757
 10
399.5625254387938
 20
451.7471575858743
 10
399.5061239881565
 20
451.9120754360634
 10
399.4566005892925
 20
452.0808156980066
 10
399.4141531625719
 20
452.2531501899683
 10
399.3789796283648
 20
452.4288507302125
 10
399.3512779070411
 20
452.607689137003
 10
399.3312459189707
 20
452.7894372286039
 10
399.3190815845239
 20
452.9738668232791
 10
399.3149828240705
 20
453.1607497392928
  0
LWPOLYLINE
  5
95
330
10C0
100
AcDbEntity
  8
CAMADA_1
100
AcDbPolyline
 90
        4
 70
     1
 43
0.0
 10
420.5609360033742
 20
508.3216313630968
 10
435.8609360033741
 20
508.3216313630968
 10
435.8609360033741
 20
511.5
 10
420.5609360033742
 20
511.5
  0
LWPOLYLINE
  5
96
330
10C0
100
AcDbEntity
  8
CAMADA_1
100
AcDbPolyline
 90
        4
 70
     1
 43
0.0
 10
496.0600477806504
 20
508.3216313630968
 10
511.3600477806504
 20
508.3216313630968
 10
511.3600477806504
 20
511.5
 10
496.0600477806504
 20
511.5
  0
LWPOLYLINE
  5
97
330
10C0
100
AcDbEntity
  8
CAMADA_1
100
AcDbPolyline
 90
      132
 70
     1
 43
0.0
 10
462.7614172923803
 20
511.3636328912857
 10
462.7583600461157
 20
512.8058052657158
 10
462.7624588065692
 20
512.9926881817295
 10
462.7746231410159
 20
513.177117776405
 10
462.7946551290864
 20
513.3588658680058
 10
462.8223568504101
 20
513.5377042747964
 10
462.8575303846172
 20
513.7134048150405
 10
462.8999778113378
 20
513.8857393070021
 10
462.9495012102018
 20
514.0544795689454
 10
463.0059026608392
 20
514.2193974191344
 10
463.0689842428798
 20
514.380264675833
 10
463.1385480359539
 20
514.5368531573053
 10
463.2143961196914
 20
514.6889346818154
 10
463.2963305737221
 20
514.8362810676271
 10
463.3841534776762
 20
514.9786641330044
 10
463.4776669111836
 20
515.1158556962115
 10
463.5766729538742
 20
515.2476275755124
 10
463.6809736853783
 20
515.3737515891708
 10
463.7903711853254
 20
515.4939995554513
 10
463.9046675333458
 20
515.6081432926173
 10
464.0236648090696
 20
515.7159546189332
 10
464.1471650921266
 20
515.8172053526627
 10
464.2749704621466
 20
515.9116673120702
 10
464.40688299876
 20
515.9991123154194
 10
464.5427047815965
 20
516.0793121809742
 10
464.6822378902861
 20
516.152038726999
 10
464.825284404459
 20
516.2170637717577
 10
464.9716464037449
 20
516.2741591335141
 10
465.1211259677741
 20
516.3230966305325
 10
465.2735251761763
 20
516.3636480810765
 10
465.4286461085816
 20
516.3955853034106
 10
465.5862908446201
 20
516.4186801157986
 10
465.7462614639214
 20
516.4327043365045
 10
465.9083600461161
 20
516.4374297837921
 10
466.0704586283107
 20
516.4327043365045
 10
466.2304292476121
 20
516.4186801157986
 10
466.3880739836504
 20
516.3955853034106
 10
466.5431949160558
 20
516.3636480810765
 10
466.6955941244579
 20
516.3230966305325
 10
466.8450736884871
 20
516.2741591335141
 10
466.9914356877731
 20
516.2170637717577
 10
467.1344822019459
 20
516.152038726999
 10
467.2740153106356
 20
516.0793121809742
 10
467.4098370934721
 20
515.9991123154194
 10
467.5417496300853
 20
515.9116673120702
 10
467.6695550001054
 20
515.8172053526627
 10
467.7930552831623
 20
515.7159546189332
 10
467.9120525588861
 20
515.6081432926173
 10
468.0263489069065
 20
515.4939995554513
 10
468.1357464068537
 20
515.3737515891708
 10
468.2400471383576
 20
515.2476275755124
 10
468.3390531810483
 20
515.1158556962115
 10
468.4325666145558
 20
514.9786641330044
 10
468.5203895185098
 20
514.8362810676271
 10
468.6023239725406
 20
514.6889346818154
 10
468.6781720562779
 20
514.5368531573053
 10
468.7477358493521
 20
514.380264675833
 10
468.8108174313928
 20
514.2193974191344
 10
468.8672188820302
 20
514.0544795689454
 10
468.9167422808941
 20
513.8857393070021
 10
468.9591897076146
 20
513.7134048150405
 10
468.9943632418218
 20
513.5377042747964
 10
469.0220649631456
 20
513.3588658680058
 10
469.0420969512159
 20
513.177117776405
 10
469.0542612856628
 20
512.9926881817295
 10
469.0583600461161
 20
512.8058052657158
 10
469.0581796357284
 20
511.2414554230698
 10
469.0583600461161
 20
511.2021800526926
 10
469.0542612856628
 20
511.0152971366789
 10
469.0420969512159
 20
510.8308675420036
 10
469.0220649631456
 20
510.6491194504027
 10
468.9943632418218
 20
510.4702810436122
 10
468.9591897076146
 20
510.2945805033682
 10
468.9167422808941
 20
510.1222460114064
 10
468.8672188820302
 20
509.9535057494631
 10
468.8108174313928
 20
509.788587899274
 10
468.7477358493521
 20
509.6277206425753
 10
468.6781720562779
 20
509.471132161103
 10
468.6023239725406
 20
509.3190506365929
 10
468.5203895185098
 20
509.1717042507812
 10
468.4325666145558
 20
509.0293211854039
 10
468.3390531810483
 20
508.8921296221967
 10
468.2400471383576
 20
508.7603577428959
 10
468.1357464068537
 20
508.6342337292373
 10
468.0263489069065
 20
508.513985762957
 10
467.9120525588861
 20
508.3998420257911
 10
467.7930552831623
 20
508.2920306994751
 10
467.6695550001054
 20
508.1907799657455
 10
467.5417496300853
 20
508.0963180063381
 10
467.4098370934721
 20
508.008873002989
 10
467.2740153106356
 20
507.9286731374341
 10
467.1344822019459
 20
507.8559465914091
 10
466.9914356877731
 20
507.7909215466506
 10
466.8450736884871
 20
507.7338261848942
 10
466.6955941244579
 20
507.6848886878758
 10
466.5431949160558
 20
507.6443372373318
 10
466.3880739836504
 20
507.6124000149977
 10
466.2304292476121
 20
507.5893052026097
 10
466.0704586283107
 20
507.5752809819038
 10
465.9083600461161
 20
507.5705555346162
 10
465.7462614639214
 20
507.5752809819038
 10
465.5862908446201
 20
507.5893052026097
 10
465.4286461085816
 20
507.6124000149977
 10
465.2735251761763
 20
507.6443372373318
 10
465.1211259677741
 20
507.6848886878758
 10
464.9716464037449
 20
507.7338261848942
 10
464.825284404459
 20
507.7909215466506
 10
464.6822378902861
 20
507.8559465914091
 10
464.5427047815965
 20
507.9286731374341
 10
464.40688299876
 20
508.008873002989
 10
464.2749704621466
 20
508.0963180063381
 10
464.1471650921266
 20
508.1907799657455
 10
464.0236648090696
 20
508.2920306994751
 10
463.9046675333458
 20
508.3998420257911
 10
463.7903711853254
 20
508.513985762957
 10
463.6809736853783
 20
508.6342337292373
 10
463.5766729538742
 20
508.7603577428959
 10
463.4776669111836
 20
508.8921296221967
 10
463.3841534776762
 20
509.0293211854039
 10
463.2963305737221
 20
509.1717042507812
 10
463.2143961196914
 20
509.3190506365929
 10
463.1385480359539
 20
509.471132161103
 10
463.0689842428798
 20
509.6277206425753
 10
463.0059026608392
 20
509.788587899274
 10
462.9495012102018
 20
509.9535057494631
 10
462.8999778113378
 20
510.1222460114064
 10
462.8575303846172
 20
510.2945805033682
 10
462.8223568504101
 20
510.4702810436122
 10
462.7946551290864
 20
510.6491194504027
 10
462.7746231410159
 20
510.8308675420036
 10
462.7624588065692
 20
511.0152971366789
 10
462.7583600461157
 20
511.2021800526926
  0
LWPOLYLINE
  5
98
330
10C0
100
AcDbEntity
  8
CAMADA_1
100
AcDbPolyline
 90
      132
 70
     1
 43
0.0
 10
547.7759325284564
 20
407.4964310899763
 10
547.772875282192
 20
408.9386034644063
 10
547.7769740426452
 20
409.1254863804202
 10
547.7891383770923
 20
409.3099159750954
 10
547.8091703651626
 20
409.4916640666962
 10
547.8368720864863
 20
409.6705024734866
 10
547.8720456206936
 20
409.8462030137307
 10
547.9144930474141
 20
410.0185375056924
 10
547.964016446278
 20
410.1872777676358
 10
548.0204178969152
 20
410.3521956178248
 10
548.0834994789562
 20
410.5130628745234
 10
548.1530632720303
 20
410.6696513559957
 10
548.2289113557678
 20
410.8217328805058
 10
548.3108458097986
 20
410.9690792663175
 10
548.3986687137525
 20
411.1114623316947
 10
548.4921821472599
 20
411.2486538949019
 10
548.5911881899506
 20
411.3804257742028
 10
548.6954889214545
 20
411.5065497878613
 10
548.8048864214018
 20
411.6267977541416
 10
548.9191827694222
 20
411.7409414913077
 10
549.038180045146
 20
411.8487528176236
 10
549.1616803282028
 20
411.9500035513531
 10
549.289485698223
 20
412.0444655107603
 10
549.4213982348363
 20
412.1319105141097
 10
549.5572200176727
 20
412.2121103796645
 10
549.6967531263623
 20
412.2848369256894
 10
549.8397996405353
 20
412.3498619704482
 10
549.9861616398213
 20
412.4069573322045
 10
550.1356412038503
 20
412.4558948292229
 10
550.2880404122524
 20
412.4964462797669
 10
550.4431613446577
 20
412.5283835021011
 10
550.6008060806961
 20
412.551478314489
 10
550.7607766999976
 20
412.5655025351949
 10
550.9228752821923
 20
412.5702279824825
 10
551.0849738643867
 20
412.5655025351949
 10
551.2449444836882
 20
412.551478314489
 10
551.4025892197266
 20
412.5283835021011
 10
551.5577101521318
 20
412.4964462797669
 10
551.710109360534
 20
412.4558948292229
 10
551.8595889245631
 20
412.4069573322045
 10
552.005950923849
 20
412.3498619704482
 10
552.1489974380219
 20
412.2848369256894
 10
552.2885305467116
 20
412.2121103796645
 10
552.424352329548
 20
412.1319105141097
 10
552.5562648661613
 20
412.0444655107603
 10
552.6840702361814
 20
411.9500035513531
 10
552.8075705192383
 20
411.8487528176236
 10
552.9265677949621
 20
411.7409414913077
 10
553.0408641429826
 20
411.6267977541416
 10
553.1502616429299
 20
411.5065497878613
 10
553.2545623744338
 20
411.3804257742028
 10
553.3535684171245
 20
411.2486538949019
 10
553.4470818506319
 20
411.1114623316947
 10
553.5349047545857
 20
410.9690792663175
 10
553.6168392086165
 20
410.8217328805058
 10
553.6926872923539
 20
410.6696513559957
 10
553.7622510854281
 20
410.5130628745234
 10
553.825332667469
 20
410.3521956178248
 10
553.8817341181063
 20
410.1872777676358
 10
553.9312575169701
 20
410.0185375056924
 10
553.9737049436907
 20
409.8462030137307
 10
554.008878477898
 20
409.6705024734866
 10
554.0365801992217
 20
409.4916640666962
 10
554.056612187292
 20
409.3099159750954
 10
554.068776521739
 20
409.1254863804202
 10
554.0728752821924
 20
408.9386034644063
 10
554.0726948718046
 20
407.3742536217602
 10
554.0728752821924
 20
407.3349782513829
 10
554.068776521739
 20
407.1480953353692
 10
554.056612187292
 20
406.9636657406939
 10
554.0365801992217
 20
406.7819176490933
 10
554.008878477898
 20
406.6030792423028
 10
553.9737049436907
 20
406.4273787020586
 10
553.9312575169701
 20
406.2550442100969
 10
553.8817341181063
 20
406.0863039481534
 10
553.825332667469
 20
405.9213860979644
 10
553.7622510854281
 20
405.7605188412657
 10
553.6926872923539
 20
405.6039303597934
 10
553.6168392086165
 20
405.4518488352835
 10
553.5349047545857
 20
405.3045024494718
 10
553.4470818506319
 20
405.1621193840943
 10
553.3535684171245
 20
405.0249278208871
 10
553.2545623744338
 20
404.8931559415864
 10
553.1502616429299
 20
404.7670319279277
 10
553.0408641429826
 20
404.6467839616474
 10
552.9265677949621
 20
404.5326402244815
 10
552.8075705192383
 20
404.4248288981656
 10
552.6840702361814
 20
404.323578164436
 10
552.5562648661613
 20
404.2291162050287
 10
552.424352329548
 20
404.1416712016794
 10
552.2885305467116
 20
404.0614713361245
 10
552.1489974380219
 20
403.9887447900997
 10
552.005950923849
 20
403.923719745341
 10
551.8595889245631
 20
403.8666243835845
 10
551.710109360534
 20
403.8176868865662
 10
551.5577101521318
 20
403.7771354360221
 10
551.4025892197266
 20
403.7451982136881
 10
551.2449444836882
 20
403.7221034013001
 10
551.0849738643867
 20
403.7080791805943
 10
550.9228752821923
 20
403.7033537333066
 10
550.7607766999976
 20
403.7080791805943
 10
550.6008060806961
 20
403.7221034013001
 10
550.4431613446577
 20
403.7451982136881
 10
550.2880404122524
 20
403.7771354360221
 10
550.1356412038503
 20
403.8176868865662
 10
549.9861616398213
 20
403.8666243835845
 10
549.8397996405353
 20
403.923719745341
 10
549.6967531263623
 20
403.9887447900997
 10
549.5572200176727
 20
404.0614713361245
 10
549.4213982348363
 20
404.1416712016794
 10
549.289485698223
 20
404.2291162050287
 10
549.1616803282028
 20
404.323578164436
 10
549.038180045146
 20
404.4248288981656
 10
548.9191827694222
 20
404.5326402244815
 10
548.8048864214018
 20
404.6467839616474
 10
548.6954889214545
 20
404.7670319279277
 10
548.5911881899506
 20
404.8931559415864
 10
548.4921821472599
 20
405.0249278208871
 10
548.3986687137525
 20
405.1621193840943
 10
548.3108458097986
 20
405.3045024494718
 10
548.2289113557678
 20
405.4518488352835
 10
548.1530632720303
 20
405.6039303597934
 10
548.0834994789562
 20
405.7605188412657
 10
548.0204178969152
 20
405.9213860979644
 10
547.964016446278
 20
406.0863039481534
 10
547.9144930474141
 20
406.2550442100969
 10
547.8720456206936
 20
406.4273787020586
 10
547.8368720864863
 20
406.6030792423028
 10
547.8091703651626
 20
406.7819176490933
 10
547.7891383770923
 20
406.9636657406939
 10
547.7769740426452
 20
407.1480953353692
 10
547.772875282192
 20
407.3349782513829
  0
LWPOLYLINE
  5
99
330
10C0
100
AcDbEntity
  8
CAMADA_1
100
AcDbPolyline
 90
      132
 70
     1
 43
0.0
 10
377.6636491459584
 20
407.4964310899763
 10
377.660591899694
 20
408.9386034644063
 10
377.6646906601474
 20
409.1254863804202
 10
377.6768549945942
 20
409.3099159750954
 10
377.6968869826646
 20
409.4916640666962
 10
377.7245887039883
 20
409.6705024734866
 10
377.7597622381955
 20
409.8462030137307
 10
377.8022096649162
 20
410.0185375056924
 10
377.85173306378
 20
410.1872777676358
 10
377.9081345144173
 20
410.3521956178248
 10
377.9712160964582
 20
410.5130628745234
 10
378.0407798895322
 20
410.6696513559957
 10
378.1166279732697
 20
410.8217328805058
 10
378.1985624273003
 20
410.9690792663175
 10
378.2863853312545
 20
411.1114623316947
 10
378.3798987647618
 20
411.2486538949019
 10
378.4789048074525
 20
411.3804257742028
 10
378.5832055389565
 20
411.5065497878613
 10
378.6926030389036
 20
411.6267977541416
 10
378.8068993869242
 20
411.7409414913077
 10
378.9258966626479
 20
411.8487528176236
 10
379.0493969457048
 20
411.9500035513531
 10
379.1772023157248
 20
412.0444655107603
 10
379.3091148523382
 20
412.1319105141097
 10
379.4449366351747
 20
412.2121103796645
 10
379.5844697438643
 20
412.2848369256894
 10
379.7275162580372
 20
412.3498619704482
 10
379.8738782573232
 20
412.4069573322045
 10
380.0233578213523
 20
412.4558948292229
 10
380.1757570297545
 20
412.4964462797669
 10
380.3308779621598
 20
412.5283835021011
 10
380.4885226981983
 20
412.551478314489
 10
380.6484933174997
 20
412.5655025351949
 10
380.8105918996943
 20
412.5702279824825
 10
380.9726904818889
 20
412.5655025351949
 10
381.1326611011903
 20
412.551478314489
 10
381.2903058372287
 20
412.5283835021011
 10
381.445426769634
 20
412.4964462797669
 10
381.5978259780362
 20
412.4558948292229
 10
381.7473055420653
 20
412.4069573322045
 10
381.8936675413513
 20
412.3498619704482
 10
382.0367140555242
 20
412.2848369256894
 10
382.1762471642138
 20
412.2121103796645
 10
382.3120689470503
 20
412.1319105141097
 10
382.4439814836637
 20
412.0444655107603
 10
382.5717868536837
 20
411.9500035513531
 10
382.6952871367407
 20
411.8487528176236
 10
382.8142844124643
 20
411.7409414913077
 10
382.9285807604847
 20
411.6267977541416
 10
383.0379782604319
 20
411.5065497878613
 10
383.1422789919359
 20
411.3804257742028
 10
383.2412850346266
 20
411.2486538949019
 10
383.334798468134
 20
411.1114623316947
 10
383.422621372088
 20
410.9690792663175
 10
383.5045558261187
 20
410.8217328805058
 10
383.5804039098562
 20
410.6696513559957
 10
383.6499677029303
 20
410.5130628745234
 10
383.713049284971
 20
410.3521956178248
 10
383.7694507356084
 20
410.1872777676358
 10
383.8189741344723
 20
410.0185375056924
 10
383.8614215611928
 20
409.8462030137307
 10
383.8965950954002
 20
409.6705024734866
 10
383.9242968167237
 20
409.4916640666962
 10
383.9443288047942
 20
409.3099159750954
 10
383.9564931392411
 20
409.1254863804202
 10
383.9605918996944
 20
408.9386034644063
 10
383.9604114893067
 20
407.3742536217602
 10
383.9605918996944
 20
407.3349782513829
 10
383.9564931392411
 20
407.1480953353692
 10
383.9443288047942
 20
406.9636657406939
 10
383.9242968167237
 20
406.7819176490933
 10
383.8965950954002
 20
406.6030792423028
 10
383.8614215611928
 20
406.4273787020586
 10
383.8189741344723
 20
406.2550442100969
 10
383.7694507356084
 20
406.0863039481534
 10
383.713049284971
 20
405.9213860979644
 10
383.6499677029303
 20
405.7605188412657
 10
383.5804039098562
 20
405.6039303597934
 10
383.5045558261187
 20
405.4518488352835
 10
383.422621372088
 20
405.3045024494718
 10
383.334798468134
 20
405.1621193840943
 10
383.2412850346266
 20
405.0249278208871
 10
383.1422789919359
 20
404.8931559415864
 10
383.0379782604319
 20
404.7670319279277
 10
382.9285807604847
 20
404.6467839616474
 10
382.8142844124643
 20
404.5326402244815
 10
382.6952871367407
 20
404.4248288981656
 10
382.5717868536837
 20
404.323578164436
 10
382.4439814836637
 20
404.2291162050287
 10
382.3120689470503
 20
404.1416712016794
 10
382.1762471642138
 20
404.0614713361245
 10
382.0367140555242
 20
403.9887447900997
 10
381.8936675413513
 20
403.923719745341
 10
381.7473055420653
 20
403.8666243835845
 10
381.5978259780362
 20
403.8176868865662
 10
381.445426769634
 20
403.7771354360221
 10
381.2903058372287
 20
403.7451982136881
 10
381.1326611011903
 20
403.7221034013001
 10
380.9726904818889
 20
403.7080791805943
 10
380.8105918996943
 20
403.7033537333066
 10
380.6484933174997
 20
403.7080791805943
 10
380.4885226981983
 20
403.7221034013001
 10
380.3308779621598
 20
403.7451982136881
 10
380.1757570297545
 20
403.7771354360221
 10
380.0233578213523
 20
403.8176868865662
 10
379.8738782573232
 20
403.8666243835845
 10
379.7275162580372
 20
403.923719745341
 10
379.5844697438643
 20
403.9887447900997
 10
379.4449366351747
 20
404.0614713361245
 10
379.3091148523382
 20
404.1416712016794
 10
379.1772023157248
 20
404.2291162050287
 10
379.0493969457048
 20
404.323578164436
 10
378.9258966626479
 20
404.4248288981656
 10
378.8068993869242
 20
404.5326402244815
 10
378.6926030389036
 20
404.6467839616474
 10
378.5832055389565
 20
404.7670319279277
 10
378.4789048074525
 20
404.8931559415864
 10
378.3798987647618
 20
405.0249278208871
 10
378.2863853312545
 20
405.1621193840943
 10
378.1985624273003
 20
405.3045024494718
 10
378.1166279732697
 20
405.4518488352835
 10
378.0407798895322
 20
405.6039303597934
 10
377.9712160964582
 20
405.7605188412657
 10
377.9081345144173
 20
405.9213860979644
 10
377.85173306378
 20
406.0863039481534
 10
377.8022096649162
 20
406.2550442100969
 10
377.7597622381955
 20
406.4273787020586
 10
377.7245887039883
 20
406.6030792423028
 10
377.6968869826646
 20
406.7819176490933
 10
377.6768549945942
 20
406.9636657406939
 10
377.6646906601474
 20
407.1480953353692
 10
377.660591899694
 20
407.3349782513829
  0
LWPOLYLINE
  5
9A
330
10C0
100
AcDbEntity
  8
CAMADA_1
100
AcDbPolyline
 90
      132
 70
     1
 43
0.0
 10
523.208489181826
 20
348.4430320419207
 10
523.2054319355616
 20
349.885204416351
 10
523.2095306960149
 20
350.0720873323647
 10
523.2216950304619
 20
350.25651692704
 10
523.2417270185322
 20
350.4382650186408
 10
523.269428739856
 20
350.6171034254313
 10
523.3046022740632
 20
350.7928039656754
 10
523.3470497007838
 20
350.9651384576371
 10
523.3965730996476
 20
351.1338787195804
 10
523.452974550285
 20
351.2987965697694
 10
523.5160561323258
 20
351.459663826468
 10
523.5856199254
 20
351.6162523079403
 10
523.6614680091374
 20
351.7683338324504
 10
523.7434024631681
 20
351.915680218262
 10
523.8312253671221
 20
352.0580632836394
 10
523.9247388006295
 20
352.1952548468465
 10
524.0237448433202
 20
352.3270267261473
 10
524.1280455748241
 20
352.4531507398059
 10
524.2374430747713
 20
352.5733987060862
 10
524.3517394227918
 20
352.6875424432523
 10
524.4707366985156
 20
352.7953537695681
 10
524.5942369815725
 20
352.8966045032977
 10
524.7220423515926
 20
352.991066462705
 10
524.8539548882058
 20
353.0785114660542
 10
524.9897766710423
 20
353.1587113316092
 10
525.129309779732
 20
353.2314378776341
 10
525.2723562939049
 20
353.2964629223926
 10
525.4187182931908
 20
353.3535582841491
 10
525.5681978572199
 20
353.4024957811674
 10
525.7205970656221
 20
353.4430472317116
 10
525.8757179980273
 20
353.4749844540456
 10
526.0333627340657
 20
353.4980792664336
 10
526.1933333533672
 20
353.5121034871394
 10
526.3554319355619
 20
353.5168289344271
 10
526.5175305177563
 20
353.5121034871394
 10
526.6775011370578
 20
353.4980792664336
 10
526.8351458730962
 20
353.4749844540456
 10
526.9902668055014
 20
353.4430472317116
 10
527.1426660139036
 20
353.4024957811674
 10
527.2921455779326
 20
353.3535582841491
 10
527.4385075772186
 20
353.2964629223926
 10
527.5815540913916
 20
353.2314378776341
 10
527.7210872000812
 20
353.1587113316092
 10
527.8569089829177
 20
353.0785114660542
 10
527.988821519531
 20
352.991066462705
 10
528.1166268895511
 20
352.8966045032977
 10
528.2401271726079
 20
352.7953537695681
 10
528.3591244483317
 20
352.6875424432523
 10
528.4734207963521
 20
352.5733987060862
 10
528.5828182962994
 20
352.4531507398059
 10
528.6871190278032
 20
352.3270267261473
 10
528.7861250704941
 20
352.1952548468465
 10
528.8796385040014
 20
352.0580632836394
 10
528.9674614079554
 20
351.915680218262
 10
529.0493958619861
 20
351.7683338324504
 10
529.1252439457236
 20
351.6162523079403
 10
529.1948077387976
 20
351.459663826468
 10
529.2578893208387
 20
351.2987965697694
 10
529.3142907714759
 20
351.1338787195804
 10
529.3638141703397
 20
350.9651384576371
 10
529.4062615970603
 20
350.7928039656754
 10
529.4414351312676
 20
350.6171034254313
 10
529.4691368525913
 20
350.4382650186408
 10
529.4891688406616
 20
350.25651692704
 10
529.5013331751087
 20
350.0720873323647
 10
529.505431935562
 20
349.885204416351
 10
529.5052515251742
 20
348.3208545737048
 10
529.505431935562
 20
348.2815792033276
 10
529.5013331751087
 20
348.0946962873139
 10
529.4891688406616
 20
347.9102666926386
 10
529.4691368525913
 20
347.7285186010378
 10
529.4414351312676
 20
347.5496801942473
 10
529.4062615970603
 20
347.3739796540032
 10
529.3638141703397
 20
347.2016451620415
 10
529.3142907714759
 20
347.0329049000981
 10
529.2578893208387
 20
346.8679870499091
 10
529.1948077387976
 20
346.7071197932104
 10
529.1252439457236
 20
346.550531311738
 10
529.0493958619861
 20
346.3984497872281
 10
528.9674614079554
 20
346.2511034014164
 10
528.8796385040014
 20
346.1087203360389
 10
528.7861250704941
 20
345.9715287728318
 10
528.6871190278032
 20
345.8397568935311
 10
528.5828182962994
 20
345.7136328798724
 10
528.4734207963521
 20
345.5933849135921
 10
528.3591244483317
 20
345.4792411764262
 10
528.2401271726079
 20
345.3714298501102
 10
528.1166268895511
 20
345.2701791163806
 10
527.988821519531
 20
345.1757171569734
 10
527.8569089829177
 20
345.0882721536241
 10
527.7210872000812
 20
345.0080722880692
 10
527.5815540913916
 20
344.9353457420443
 10
527.4385075772186
 20
344.8703206972856
 10
527.2921455779326
 20
344.8132253355292
 10
527.1426660139036
 20
344.7642878385109
 10
526.9902668055014
 20
344.7237363879667
 10
526.8351458730962
 20
344.6917991656327
 10
526.6775011370578
 20
344.6687043532447
 10
526.5175305177563
 20
344.6546801325389
 10
526.3554319355619
 20
344.6499546852511
 10
526.1933333533672
 20
344.6546801325389
 10
526.0333627340657
 20
344.6687043532447
 10
525.8757179980273
 20
344.6917991656327
 10
525.7205970656221
 20
344.7237363879667
 10
525.5681978572199
 20
344.7642878385109
 10
525.4187182931908
 20
344.8132253355292
 10
525.2723562939049
 20
344.8703206972856
 10
525.129309779732
 20
344.9353457420443
 10
524.9897766710423
 20
345.0080722880692
 10
524.8539548882058
 20
345.0882721536241
 10
524.7220423515926
 20
345.1757171569734
 10
524.5942369815725
 20
345.2701791163806
 10
524.4707366985156
 20
345.3714298501102
 10
524.3517394227918
 20
345.4792411764262
 10
524.2374430747713
 20
345.5933849135921
 10
524.1280455748241
 20
345.7136328798724
 10
524.0237448433202
 20
345.8397568935311
 10
523.9247388006295
 20
345.9715287728318
 10
523.8312253671221
 20
346.1087203360389
 10
523.7434024631681
 20
346.2511034014164
 10
523.6614680091374
 20
346.3984497872281
 10
523.5856199254
 20
346.550531311738
 10
523.5160561323258
 20
346.7071197932104
 10
523.452974550285
 20
346.8679870499091
 10
523.3965730996476
 20
347.0329049000981
 10
523.3470497007838
 20
347.2016451620415
 10
523.3046022740632
 20
347.3739796540032
 10
523.269428739856
 20
347.5496801942473
 10
523.2417270185322
 20
347.7285186010378
 10
523.2216950304619
 20
347.9102666926386
 10
523.2095306960149
 20
348.0946962873139
 10
523.2054319355616
 20
348.2815792033276
  0
LWPOLYLINE
  5
9B
330
10C0
100
AcDbEntity
  8
CAMADA_1
100
AcDbPolyline
 90
      132
 70
     1
 43
0.0
 10
402.301386189616
 20
348.4430081940924
 10
402.2983289433515
 20
349.8851805685226
 10
402.3024277038048
 20
350.0720634845363
 10
402.3145920382518
 20
350.2564930792117
 10
402.334624026322
 20
350.4382411708124
 10
402.3623257476458
 20
350.6170795776029
 10
402.3974992818531
 20
350.792780117847
 10
402.4399467085736
 20
350.9651146098087
 10
402.4894701074376
 20
351.133854871752
 10
402.545871558075
 20
351.2987727219411
 10
402.6089531401156
 20
351.4596399786397
 10
402.6785169331898
 20
351.616228460112
 10
402.7543650169271
 20
351.7683099846221
 10
402.836299470958
 20
351.9156563704337
 10
402.924122374912
 20
352.0580394358112
 10
403.0176358084193
 20
352.1952309990182
 10
403.1166418511102
 20
352.3270028783191
 10
403.2209425826139
 20
352.4531268919776
 10
403.3303400825611
 20
352.5733748582579
 10
403.4446364305816
 20
352.6875185954239
 10
403.5636337063054
 20
352.7953299217398
 10
403.6871339893623
 20
352.8965806554694
 10
403.8149393593824
 20
352.9910426148767
 10
403.9468518959957
 20
353.0784876182258
 10
404.0826736788322
 20
353.1586874837809
 10
404.2222067875218
 20
353.2314140298057
 10
404.3652533016947
 20
353.2964390745643
 10
404.5116153009806
 20
353.3535344363207
 10
404.6610948650098
 20
353.402471933339
 10
404.813494073412
 20
353.4430233838833
 10
404.9686150058173
 20
353.4749606062173
 10
405.1262597418558
 20
353.4980554186052
 10
405.2862303611573
 20
353.512079639311
 10
405.4483289433518
 20
353.5168050865988
 10
405.6104275255463
 20
353.512079639311
 10
405.7703981448478
 20
353.4980554186052
 10
405.9280428808863
 20
353.4749606062173
 10
406.0831638132914
 20
353.4430233838833
 10
406.2355630216938
 20
353.402471933339
 10
406.3850425857228
 20
353.3535344363207
 10
406.5314045850088
 20
353.2964390745643
 10
406.6744510991815
 20
353.2314140298057
 10
406.8139842078712
 20
353.1586874837809
 10
406.9498059907077
 20
353.0784876182258
 10
407.081718527321
 20
352.9910426148767
 10
407.2095238973411
 20
352.8965806554694
 10
407.3330241803981
 20
352.7953299217398
 10
407.4520214561218
 20
352.6875185954239
 10
407.5663178041422
 20
352.5733748582579
 10
407.6757153040893
 20
352.4531268919776
 10
407.7800160355933
 20
352.3270028783191
 10
407.8790220782839
 20
352.1952309990182
 10
407.9725355117913
 20
352.0580394358112
 10
408.0603584157453
 20
351.9156563704337
 10
408.1422928697763
 20
351.7683099846221
 10
408.2181409535136
 20
351.616228460112
 10
408.2877047465878
 20
351.4596399786397
 10
408.3507863286285
 20
351.2987727219411
 10
408.4071877792657
 20
351.133854871752
 10
408.4567111781297
 20
350.9651146098087
 10
408.4991586048503
 20
350.792780117847
 10
408.5343321390576
 20
350.6170795776029
 10
408.5620338603813
 20
350.4382411708124
 10
408.5820658484516
 20
350.2564930792117
 10
408.5942301828984
 20
350.0720634845363
 10
408.5983289433518
 20
349.8851805685226
 10
408.5981485329641
 20
348.3208307258765
 10
408.5983289433518
 20
348.2815553554992
 10
408.5942301828984
 20
348.0946724394855
 10
408.5820658484516
 20
347.9102428448102
 10
408.5620338603813
 20
347.7284947532094
 10
408.5343321390576
 20
347.5496563464188
 10
408.4991586048503
 20
347.3739558061749
 10
408.4567111781297
 20
347.2016213142131
 10
408.4071877792657
 20
347.0328810522697
 10
408.3507863286285
 20
346.8679632020807
 10
408.2877047465878
 20
346.707095945382
 10
408.2181409535136
 20
346.5505074639097
 10
408.1422928697763
 20
346.3984259393997
 10
408.0603584157453
 20
346.2510795535881
 10
407.9725355117913
 20
346.1086964882106
 10
407.8790220782839
 20
345.9715049250035
 10
407.7800160355933
 20
345.8397330457026
 10
407.6757153040893
 20
345.7136090320442
 10
407.5663178041422
 20
345.5933610657637
 10
407.4520214561218
 20
345.4792173285977
 10
407.3330241803981
 20
345.3714060022818
 10
407.2095238973411
 20
345.2701552685522
 10
407.081718527321
 20
345.1756933091449
 10
406.9498059907077
 20
345.0882483057957
 10
406.8139842078712
 20
345.0080484402407
 10
406.6744510991815
 20
344.9353218942158
 10
406.5314045850088
 20
344.8702968494573
 10
406.3850425857228
 20
344.8132014877009
 10
406.2355630216938
 20
344.7642639906826
 10
406.0831638132914
 20
344.7237125401384
 10
405.9280428808863
 20
344.6917753178043
 10
405.7703981448478
 20
344.6686805054164
 10
405.6104275255463
 20
344.6546562847106
 10
405.4483289433518
 20
344.6499308374229
 10
405.2862303611573
 20
344.6546562847106
 10
405.1262597418558
 20
344.6686805054164
 10
404.9686150058173
 20
344.6917753178043
 10
404.813494073412
 20
344.7237125401384
 10
404.6610948650098
 20
344.7642639906826
 10
404.5116153009806
 20
344.8132014877009
 10
404.3652533016947
 20
344.8702968494573
 10
404.2222067875218
 20
344.9353218942158
 10
404.0826736788322
 20
345.0080484402407
 10
403.9468518959957
 20
345.0882483057957
 10
403.8149393593824
 20
345.1756933091449
 10
403.6871339893623
 20
345.2701552685522
 10
403.5636337063054
 20
345.3714060022818
 10
403.4446364305816
 20
345.4792173285977
 10
403.3303400825611
 20
345.5933610657637
 10
403.2209425826139
 20
345.7136090320442
 10
403.1166418511102
 20
345.8397330457026
 10
403.0176358084193
 20
345.9715049250035
 10
402.924122374912
 20
346.1086964882106
 10
402.836299470958
 20
346.2510795535881
 10
402.7543650169271
 20
346.3984259393997
 10
402.6785169331898
 20
346.5505074639097
 10
402.6089531401156
 20
346.707095945382
 10
402.545871558075
 20
346.8679632020807
 10
402.4894701074376
 20
347.0328810522697
 10
402.4399467085736
 20
347.2016213142131
 10
402.3974992818531
 20
347.3739558061749
 10
402.3623257476458
 20
347.5496563464188
 10
402.334624026322
 20
347.7284947532094
 10
402.3145920382518
 20
347.9102428448102
 10
402.3024277038048
 20
348.0946724394855
 10
402.2983289433515
 20
348.2815553554992
  0
LWPOLYLINE
  5
A2
330
10C0
100
AcDbEntity
  8
CAMADA_1
100
AcDbPolyline
 90
       32
 70
     1
 43
0.0
 10
530.4083600461161
 20
556.534182917001
 10
530.4083600461161
 20
549.1137984569973
 10
550.908360046116
 20
549.1137984569972
 10
550.908360046116
 20
575.4598076352644
 10
550.908360046116
 20
575.4598076352644
 10
486.171038219884
 20
596.2825468034587
 10
486.1583600461158
 20
596.2844716768411
 10
486.1583600461158
 20
602.4023955556474
 10
475.9083600461159
 20
607.386226579505
 10
475.9083600461159
 20
626.5
 10
455.9083600461159
 20
626.5
 10
455.9083600461159
 20
607.409529214068
 10
445.6583600461159
 20
602.4014515061959
 10
445.6583600461159
 20
596.2844716768411
 10
445.6480963349396
 20
596.2829133851456
 10
380.908360046116
 20
575.4598076352644
 10
380.908360046116
 20
575.4598076352644
 10
380.908360046116
 20
549.1137984569972
 10
401.4083600461159
 20
549.1096920569495
 10
401.4083600461159
 20
553.4586737770525
 10
401.4083600461159
 20
563.9545673770044
 10
420.7109360033741
 20
563.9545673770047
 10
420.7109360033741
 20
560.6628301653783
 10
435.7109360033741
 20
560.6628301653783
 10
435.7109360033724
 20
563.9545673770044
 10
455.9083600461159
 20
583.295773830687
 10
475.9083600461159
 20
583.2972167293026
 10
496.2100477806491
 20
563.9545673770044
 10
496.2100477806504
 20
560.6871201769706
 10
511.2100477806504
 20
560.6871201769706
 10
511.2100477806462
 20
563.9545673770051
 10
530.4083600461161
 20
563.9545673770044
  0
LWPOLYLINE
  5
A7
330
10C0
100
AcDbEntity
  8
CAMADA_1
100
AcDbPolyline
 90
        2
 70
     1
 43
0.0
 10
540.9083600461164
 20
453.6303075653216
 10
540.9083600461164
 20
453.6379959246827
  0
LWPOLYLINE
  5
AB
330
10C0
100
AcDbEntity
  8
CAMADA_1
100
AcDbPolyline
 90
       12
 70
     1
 43
0.0
 10
438.2851229575519
 20
443.6100893814383
 10
493.2851229574697
 20
443.6100893814383
 10
540.9083600461164
 20
443.6100893814383
 10
540.9083600461164
 20
463.6379959246826
 10
529.4085494353911
 20
474.1226192059618
 10
529.408360046116
 20
521.7330208144098
 10
402.4083600461159
 20
521.7330208144098
 10
402.4083600461159
 20
474.1227636899711
 10
390.9083600461155
 20
463.6379816307472
 10
390.9083600461155
 20
453.6379959246814
 10
390.9083600461155
 20
453.6303075653216
 10
390.9083600461155
 20
443.6100893814383
  0
LWPOLYLINE
  5
AC
330
10C0
100
AcDbEntity
  8
CAMADA_1
100
AcDbPolyline
 90
       33
 70
     1
 43
0.0
 10
541.1085824325351
 20
417.9999834789824
 10
560.908360046116
 20
418.0
 10
560.908360046116
 20
370.0536469908928
 10
535.908360046116
 20
363.0533988187191
 10
535.908360046116
 20
339.9744266229334
 10
495.9083967819577
 20
339.9744266229334
 10
495.9083967819578
 20
305.0109324738355
 10
495.9083967819578
 20
301.0109324738355
 10
435.9083967819578
 20
301.0109324738355
 10
435.9083967819578
 20
305.0109324738355
 10
435.9083967819578
 20
339.9744266229334
 10
395.9083600461159
 20
339.9744266229334
 10
395.9083600461159
 20
363.0535294116769
 10
370.9083600461159
 20
370.0533154984378
 10
370.9083600461159
 20
418.0
 10
390.4103627403909
 20
417.9999834789824
 10
390.4059749777209
 20
417.9999669579649
 10
390.4059749777209
 20
377.999966957965
 10
415.4059749777208
 20
377.999966957965
 10
415.405974977721
 20
403.0307821194786
 10
420.6583967819578
 20
403.0307821194781
 10
420.6583600461159
 20
404.7031757478099
 10
420.6583233102739
 20
406.3755693761417
 10
435.6612797845553
 20
406.3755693761417
 10
435.6612797845535
 20
403.0307821194781
 10
496.1578354119021
 20
403.0307821194781
 10
496.1578354119035
 20
406.3755693761427
 10
511.1583600461158
 20
406.3755693761417
 10
511.1583625548591
 20
403.0307821194781
 10
516.2535929464219
 20
403.0307821194781
 10
516.2535929464221
 20
377.999966957965
 10
541.2535929464233
 20
377.999966957965
 10
541.2535929464233
 20
417.9999669579649
  0
CIRCLE
  5
16FB
330
10C0
100
AcDbEntity
  8
0
100
AcDbCircle
 10
466.15
 20
324.85
 30
0.0
 40
13.0
  0
CIRCLE
  5
1708
330
10C0
100
AcDbEntity
  8
0
100
AcDbCircle
 10
450.56
 20
309.26
 30
0.0
 40
2.5
  0
CIRCLE
  5
1733
330
10C0
100
AcDbEntity
  8
0
100
AcDbCircle
 10
450.56
 20
340.35
 30
0.0
 40
2.5
  0
CIRCLE
  5
1748
330
10C0
100
AcDbEntity
  8
0
100
AcDbCircle
 10
481.74
 20
340.35
 30
0.0
 40
2.5
  0
CIRCLE
  5
1749
330
10C0
100
AcDbEntity
  8
0
100
AcDbCircle
 10
481.74
 20
309.26
 30
0.0
 40
2.5
  0
LWPOLYLINE
  5
174E
330
10C0
100
AcDbEntity
  8
CAMADA_1
100
AcDbPolyline
 90
      132
 70
     1
 43
0.0
 10
399.3180400703349
 20
453.3222025778861
 10
399.3149828240705
 20
454.7643749523163
 10
399.3190815845239
 20
454.95125786833
 10
399.3312459189707
 20
455.1356874630052
 10
399.3512779070411
 20
455.317435554606
 10
399.3789796283648
 20
455.4962739613966
 10
399.4141531625719
 20
455.6719745016406
 10
399.4566005892925
 20
455.8443089936022
 10
399.5061239881565
 20
456.0130492555456
 10
399.5625254387938
 20
456.1779671057347
 10
399.6256070208345
 20
456.3388343624334
 10
399.6951708139087
 20
456.4954228439057
 10
399.7710188976461
 20
456.6475043684158
 10
399.8529533516769
 20
456.7948507542273
 10
399.9407762556309
 20
456.9372338196047
 10
400.0342896891383
 20
457.0744253828118
 10
400.133295731829
 20
457.2061972621126
 10
400.2375964633329
 20
457.3323212757713
 10
400.34699396328
 20
457.4525692420515
 10
400.4612903113006
 20
457.5667129792176
 10
400.5802875870243
 20
457.6745243055334
 10
400.7037878700812
 20
457.7757750392631
 10
400.8315932401013
 20
457.8702369986703
 10
400.9635057767146
 20
457.9576820020196
 10
401.0993275595511
 20
458.0378818675746
 10
401.2388606682407
 20
458.1106084135994
 10
401.3819071824137
 20
458.1756334583579
 10
401.5282691816996
 20
458.2327288201143
 10
401.6777487457288
 20
458.2816663171326
 10
401.8301479541309
 20
458.3222177676768
 10
401.9852688865363
 20
458.354154990011
 10
402.1429136225746
 20
458.3772498023988
 10
402.3028842418762
 20
458.3912740231046
 10
402.4649828240708
 20
458.3959994703923
 10
402.6270814062653
 20
458.3912740231046
 10
402.7870520255667
 20
458.3772498023988
 10
402.9446967616052
 20
458.354154990011
 10
403.0998176940104
 20
458.3222177676768
 10
403.2522169024127
 20
458.2816663171326
 10
403.4016964664417
 20
458.2327288201143
 10
403.5480584657277
 20
458.1756334583579
 10
403.6911049799006
 20
458.1106084135994
 10
403.8306380885903
 20
458.0378818675746
 10
403.9664598714268
 20
457.9576820020196
 10
404.0983724080401
 20
457.8702369986703
 10
404.2261777780601
 20
457.7757750392631
 10
404.3496780611171
 20
457.6745243055334
 10
404.4686753368408
 20
457.5667129792176
 10
404.5829716848611
 20
457.4525692420515
 10
404.6923691848083
 20
457.3323212757713
 10
404.7966699163123
 20
457.2061972621126
 10
404.8956759590029
 20
457.0744253828118
 10
404.9891893925103
 20
456.9372338196047
 10
405.0770122964643
 20
456.7948507542273
 10
405.1589467504952
 20
456.6475043684158
 10
405.2347948342326
 20
456.4954228439057
 10
405.3043586273068
 20
456.3388343624334
 10
405.3674402093475
 20
456.1779671057347
 10
405.4238416599848
 20
456.0130492555456
 10
405.4733650588487
 20
455.8443089936022
 10
405.5158124855693
 20
455.6719745016406
 10
405.5509860197765
 20
455.4962739613966
 10
405.5786877411001
 20
455.317435554606
 10
405.5987197291706
 20
455.1356874630052
 10
405.6108840636174
 20
454.95125786833
 10
405.6149828240708
 20
454.7643749523163
 10
405.614802413683
 20
453.2000251096702
 10
405.6149828240708
 20
453.1607497392928
 10
405.6108840636174
 20
452.9738668232791
 10
405.5987197291706
 20
452.7894372286039
 10
405.5786877411001
 20
452.607689137003
 10
405.5509860197765
 20
452.4288507302125
 10
405.5158124855693
 20
452.2531501899683
 10
405.4733650588487
 20
452.0808156980066
 10
405.4238416599848
 20
451.9120754360634
 10
405.3674402093475
 20
451.7471575858743
 10
405.3043586273068
 20
451.5862903291757
 10
405.2347948342326
 20
451.4297018477034
 10
405.1589467504952
 20
451.2776203231933
 10
405.0770122964643
 20
451.1302739373816
 10
404.9891893925103
 20
450.9878908720042
 10
404.8956759590029
 20
450.8506993087971
 10
404.7966699163123
 20
450.7189274294963
 10
404.6923691848083
 20
450.5928034158377
 10
404.5829716848611
 20
450.4725554495573
 10
404.4686753368408
 20
450.3584117123913
 10
404.3496780611171
 20
450.2506003860755
 10
404.2261777780601
 20
450.1493496523458
 10
404.0983724080401
 20
450.0548876929386
 10
403.9664598714268
 20
449.9674426895892
 10
403.8306380885903
 20
449.8872428240343
 10
403.6911049799006
 20
449.8145162780097
 10
403.5480584657277
 20
449.749491233251
 10
403.4016964664417
 20
449.6923958714946
 10
403.2522169024127
 20
449.6434583744763
 10
403.0998176940104
 20
449.602906923932
 10
402.9446967616052
 20
449.5709697015979
 10
402.7870520255667
 20
449.5478748892101
 10
402.6270814062653
 20
449.5338506685043
 10
402.4649828240708
 20
449.5291252212165
 10
402.3028842418762
 20
449.5338506685043
 10
402.1429136225746
 20
449.5478748892101
 10
401.9852688865363
 20
449.5709697015979
 10
401.8301479541309
 20
449.602906923932
 10
401.6777487457288
 20
449.6434583744763
 10
401.5282691816996
 20
449.6923958714946
 10
401.3819071824137
 20
449.749491233251
 10
401.2388606682407
 20
449.8145162780097
 10
401.0993275595511
 20
449.8872428240343
 10
400.9635057767146
 20
449.9674426895892
 10
400.8315932401013
 20
450.0548876929386
 10
400.7037878700812
 20
450.1493496523458
 10
400.5802875870243
 20
450.2506003860755
 10
400.4612903113006
 20
450.3584117123913
 10
400.34699396328
 20
450.4725554495573
 10
400.2375964633329
 20
450.5928034158377
 10
400.133295731829
 20
450.7189274294963
 10
400.0342896891383
 20
450.8506993087971
 10
399.9407762556309
 20
450.9878908720042
 10
399.8529533516769
 20
451.1302739373816
 10
399.7710188976461
 20
451.2776203231933
 10
399.6951708139087
 20
451.4297018477034
 10
399.6256070208345
 20
451.5862903291757
 10
399.5625254387938
 20
451.7471575858743
 10
399.5061239881565
 20
451.9120754360634
 10
399.4566005892925
 20
452.0808156980066
 10
399.4141531625719
 20
452.2531501899683
 10
399.3789796283648
 20
452.4288507302125
 10
399.3512779070411
 20
452.607689137003
 10
399.3312459189707
 20
452.7894372286039
 10
399.3190815845239
 20
452.9738668232791
 10
399.3149828240705
 20
453.1607497392928
  0
LWPOLYLINE
  5
174F
330
10C0
100
AcDbEntity
  8
CAMADA_1
100
AcDbPolyline
 90
      132
 70
     1
 43
0.0
 10
453.3180400703348
 20
482.0894737577718
 10
453.3149828240705
 20
483.5316461322019
 10
453.3190815845238
 20
483.7185290482156
 10
453.3312459189707
 20
483.9029586428909
 10
453.351277907041
 20
484.0847067344916
 10
453.3789796283648
 20
484.2635451412823
 10
453.4141531625719
 20
484.4392456815262
 10
453.4566005892925
 20
484.6115801734879
 10
453.5061239881565
 20
484.7803204354312
 10
453.5625254387937
 20
484.9452382856204
 10
453.6256070208344
 20
485.106105542319
 10
453.6951708139087
 20
485.2626940237914
 10
453.771018897646
 20
485.4147755483015
 10
453.8529533516769
 20
485.562121934113
 10
453.9407762556308
 20
485.7045049994904
 10
454.0342896891383
 20
485.8416965626975
 10
454.133295731829
 20
485.9734684419983
 10
454.2375964633329
 20
486.0995924556569
 10
454.34699396328
 20
486.2198404219372
 10
454.4612903113006
 20
486.3339841591032
 10
454.5802875870243
 20
486.4417954854191
 10
454.7037878700812
 20
486.5430462191488
 10
454.8315932401013
 20
486.637508178556
 10
454.9635057767146
 20
486.7249531819053
 10
455.0993275595511
 20
486.8051530474603
 10
455.2388606682407
 20
486.877879593485
 10
455.3819071824137
 20
486.9429046382436
 10
455.5282691816996
 20
487.0
 10
455.6777487457288
 20
487.0489374970183
 10
455.8301479541309
 20
487.0894889475625
 10
455.9852688865363
 20
487.1214261698966
 10
456.1429136225746
 20
487.1445209822845
 10
456.3028842418762
 20
487.1585452029903
 10
456.4649828240708
 20
487.163270650278
 10
456.6270814062654
 20
487.1585452029903
 10
456.7870520255667
 20
487.1445209822845
 10
456.9446967616052
 20
487.1214261698966
 10
457.0998176940104
 20
487.0894889475625
 10
457.2522169024127
 20
487.0489374970183
 10
457.4016964664417
 20
487.0
 10
457.5480584657277
 20
486.9429046382436
 10
457.6911049799006
 20
486.877879593485
 10
457.8306380885903
 20
486.8051530474603
 10
457.9664598714268
 20
486.7249531819053
 10
458.0983724080401
 20
486.637508178556
 10
458.2261777780601
 20
486.5430462191488
 10
458.3496780611171
 20
486.4417954854191
 10
458.4686753368408
 20
486.3339841591032
 10
458.5829716848611
 20
486.2198404219372
 10
458.6923691848083
 20
486.0995924556569
 10
458.7966699163123
 20
485.9734684419983
 10
458.8956759590029
 20
485.8416965626975
 10
458.9891893925103
 20
485.7045049994904
 10
459.0770122964643
 20
485.562121934113
 10
459.1589467504952
 20
485.4147755483015
 10
459.2347948342326
 20
485.2626940237914
 10
459.3043586273068
 20
485.106105542319
 10
459.3674402093475
 20
484.9452382856204
 10
459.4238416599848
 20
484.7803204354312
 10
459.4733650588487
 20
484.6115801734879
 10
459.5158124855693
 20
484.4392456815262
 10
459.5509860197765
 20
484.2635451412823
 10
459.5786877411002
 20
484.0847067344916
 10
459.5987197291706
 20
483.9029586428909
 10
459.6108840636174
 20
483.7185290482156
 10
459.6149828240708
 20
483.5316461322019
 10
459.614802413683
 20
481.9672962895558
 10
459.6149828240708
 20
481.9280209191785
 10
459.6108840636174
 20
481.7411380031648
 10
459.5987197291706
 20
481.5567084084896
 10
459.5786877411002
 20
481.3749603168886
 10
459.5509860197765
 20
481.1961219100981
 10
459.5158124855693
 20
481.0204213698539
 10
459.4733650588487
 20
480.8480868778923
 10
459.4238416599848
 20
480.679346615949
 10
459.3674402093475
 20
480.51442876576
 10
459.3043586273068
 20
480.3535615090614
 10
459.2347948342326
 20
480.1969730275891
 10
459.1589467504952
 20
480.0448915030789
 10
459.0770122964643
 20
479.8975451172672
 10
458.9891893925103
 20
479.7551620518899
 10
458.8956759590029
 20
479.6179704886828
 10
458.7966699163123
 20
479.4861986093819
 10
458.6923691848083
 20
479.3600745957233
 10
458.5829716848611
 20
479.2398266294429
 10
458.4686753368408
 20
479.1256828922769
 10
458.3496780611171
 20
479.0178715659611
 10
458.2261777780601
 20
478.9166208322315
 10
458.0983724080401
 20
478.8221588728243
 10
457.9664598714268
 20
478.7347138694749
 10
457.8306380885903
 20
478.65451400392
 10
457.6911049799006
 20
478.5817874578953
 10
457.5480584657277
 20
478.5167624131367
 10
457.4016964664417
 20
478.4596670513803
 10
457.2522169024127
 20
478.4107295543619
 10
457.0998176940104
 20
478.3701781038177
 10
456.9446967616052
 20
478.3382408814836
 10
456.7870520255667
 20
478.3151460690957
 10
456.6270814062654
 20
478.3011218483899
 10
456.4649828240708
 20
478.2963964011021
 10
456.3028842418762
 20
478.3011218483899
 10
456.1429136225746
 20
478.3151460690957
 10
455.9852688865363
 20
478.3382408814836
 10
455.8301479541309
 20
478.3701781038177
 10
455.6777487457288
 20
478.4107295543619
 10
455.5282691816996
 20
478.4596670513803
 10
455.3819071824137
 20
478.5167624131367
 10
455.2388606682407
 20
478.5817874578953
 10
455.0993275595511
 20
478.65451400392
 10
454.9635057767146
 20
478.7347138694749
 10
454.8315932401013
 20
478.8221588728243
 10
454.7037878700812
 20
478.9166208322315
 10
454.5802875870243
 20
479.0178715659611
 10
454.4612903113006
 20
479.1256828922769
 10
454.34699396328
 20
479.2398266294429
 10
454.2375964633329
 20
479.3600745957233
 10
454.133295731829
 20
479.4861986093819
 10
454.0342896891383
 20
479.6179704886828
 10
453.9407762556308
 20
479.7551620518899
 10
453.8529533516769
 20
479.8975451172672
 10
453.771018897646
 20
480.0448915030789
 10
453.6951708139087
 20
480.1969730275891
 10
453.6256070208344
 20
480.3535615090614
 10
453.5625254387937
 20
480.51442876576
 10
453.5061239881565
 20
480.679346615949
 10
453.4566005892925
 20
480.8480868778923
 10
453.4141531625719
 20
481.0204213698539
 10
453.3789796283648
 20
481.1961219100981
 10
453.351277907041
 20
481.3749603168886
 10
453.3312459189707
 20
481.5567084084896
 10
453.3190815845238
 20
481.7411380031648
 10
453.3149828240705
 20
481.9280209191785
  0
LWPOLYLINE
  5
1754
330
10C0
100
AcDbEntity
  8
CAMADA_1
100
AcDbPolyline
 90
      132
 70
     1
 43
0.0
 10
473.3180400703348
 20
482.0894737577718
 10
473.3149828240705
 20
483.5316461322019
 10
473.3190815845238
 20
483.7185290482156
 10
473.3312459189707
 20
483.9029586428909
 10
473.3512779070411
 20
484.0847067344916
 10
473.3789796283647
 20
484.2635451412823
 10
473.4141531625718
 20
484.4392456815262
 10
473.4566005892925
 20
484.6115801734879
 10
473.5061239881565
 20
484.7803204354312
 10
473.5625254387938
 20
484.9452382856204
 10
473.6256070208344
 20
485.106105542319
 10
473.6951708139087
 20
485.2626940237914
 10
473.7710188976461
 20
485.4147755483015
 10
473.8529533516769
 20
485.562121934113
 10
473.9407762556308
 20
485.7045049994904
 10
474.0342896891383
 20
485.8416965626975
 10
474.133295731829
 20
485.9734684419983
 10
474.2375964633329
 20
486.0995924556569
 10
474.3469939632801
 20
486.2198404219372
 10
474.4612903113006
 20
486.3339841591032
 10
474.5802875870243
 20
486.4417954854191
 10
474.7037878700811
 20
486.5430462191488
 10
474.8315932401014
 20
486.637508178556
 10
474.9635057767147
 20
486.7249531819053
 10
475.0993275595511
 20
486.8051530474603
 10
475.2388606682408
 20
486.877879593485
 10
475.3819071824137
 20
486.9429046382436
 10
475.5282691816996
 20
487.0
 10
475.6777487457288
 20
487.0489374970183
 10
475.830147954131
 20
487.0894889475625
 10
475.9852688865363
 20
487.1214261698966
 10
476.1429136225746
 20
487.1445209822845
 10
476.3028842418761
 20
487.1585452029903
 10
476.4649828240708
 20
487.163270650278
 10
476.6270814062653
 20
487.1585452029903
 10
476.7870520255668
 20
487.1445209822845
 10
476.9446967616052
 20
487.1214261698966
 10
477.0998176940104
 20
487.0894889475625
 10
477.2522169024127
 20
487.0489374970183
 10
477.4016964664418
 20
487.0
 10
477.5480584657278
 20
486.9429046382436
 10
477.6911049799005
 20
486.877879593485
 10
477.8306380885902
 20
486.8051530474603
 10
477.9664598714268
 20
486.7249531819053
 10
478.0983724080401
 20
486.637508178556
 10
478.2261777780601
 20
486.5430462191488
 10
478.3496780611171
 20
486.4417954854191
 10
478.4686753368408
 20
486.3339841591032
 10
478.5829716848612
 20
486.2198404219372
 10
478.6923691848083
 20
486.0995924556569
 10
478.7966699163123
 20
485.9734684419983
 10
478.8956759590029
 20
485.8416965626975
 10
478.9891893925103
 20
485.7045049994904
 10
479.0770122964643
 20
485.562121934113
 10
479.1589467504953
 20
485.4147755483015
 10
479.2347948342325
 20
485.2626940237914
 10
479.3043586273068
 20
485.106105542319
 10
479.3674402093475
 20
484.9452382856204
 10
479.4238416599847
 20
484.7803204354312
 10
479.4733650588487
 20
484.6115801734879
 10
479.5158124855693
 20
484.4392456815262
 10
479.5509860197765
 20
484.2635451412823
 10
479.5786877411002
 20
484.0847067344916
 10
479.5987197291706
 20
483.9029586428909
 10
479.6108840636174
 20
483.7185290482156
 10
479.6149828240708
 20
483.5316461322019
 10
479.614802413683
 20
481.9672962895558
 10
479.6149828240708
 20
481.9280209191785
 10
479.6108840636174
 20
481.7411380031648
 10
479.5987197291706
 20
481.5567084084896
 10
479.5786877411002
 20
481.3749603168886
 10
479.5509860197765
 20
481.1961219100981
 10
479.5158124855693
 20
481.0204213698539
 10
479.4733650588487
 20
480.8480868778923
 10
479.4238416599847
 20
480.679346615949
 10
479.3674402093475
 20
480.51442876576
 10
479.3043586273068
 20
480.3535615090614
 10
479.2347948342325
 20
480.1969730275891
 10
479.1589467504953
 20
480.0448915030789
 10
479.0770122964643
 20
479.8975451172672
 10
478.9891893925103
 20
479.7551620518899
 10
478.8956759590029
 20
479.6179704886828
 10
478.7966699163123
 20
479.4861986093819
 10
478.6923691848083
 20
479.3600745957233
 10
478.5829716848612
 20
479.2398266294429
 10
478.4686753368408
 20
479.1256828922769
 10
478.3496780611171
 20
479.0178715659611
 10
478.2261777780601
 20
478.9166208322315
 10
478.0983724080401
 20
478.8221588728243
 10
477.9664598714268
 20
478.7347138694749
 10
477.8306380885902
 20
478.65451400392
 10
477.6911049799005
 20
478.5817874578953
 10
477.5480584657278
 20
478.5167624131367
 10
477.4016964664418
 20
478.4596670513803
 10
477.2522169024127
 20
478.4107295543619
 10
477.0998176940104
 20
478.3701781038177
 10
476.9446967616052
 20
478.3382408814836
 10
476.7870520255668
 20
478.3151460690957
 10
476.6270814062653
 20
478.3011218483899
 10
476.4649828240708
 20
478.2963964011021
 10
476.3028842418761
 20
478.3011218483899
 10
476.1429136225746
 20
478.3151460690957
 10
475.9852688865363
 20
478.3382408814836
 10
475.830147954131
 20
478.3701781038177
 10
475.6777487457288
 20
478.4107295543619
 10
475.5282691816996
 20
478.4596670513803
 10
475.3819071824137
 20
478.5167624131367
 10
475.2388606682408
 20
478.5817874578953
 10
475.0993275595511
 20
478.65451400392
 10
474.9635057767147
 20
478.7347138694749
 10
474.8315932401014
 20
478.8221588728243
 10
474.7037878700811
 20
478.9166208322315
 10
474.5802875870243
 20
479.0178715659611
 10
474.4612903113006
 20
479.1256828922769
 10
474.3469939632801
 20
479.2398266294429
 10
474.2375964633329
 20
479.3600745957233
 10
474.133295731829
 20
479.4861986093819
 10
474.0342896891383
 20
479.6179704886828
 10
473.9407762556308
 20
479.7551620518899
 10
473.8529533516769
 20
479.8975451172672
 10
473.7710188976461
 20
480.0448915030789
 10
473.6951708139087
 20
480.1969730275891
 10
473.6256070208344
 20
480.3535615090614
 10
473.5625254387938
 20
480.51442876576
 10
473.5061239881565
 20
480.679346615949
 10
473.4566005892925
 20
480.8480868778923
 10
473.4141531625718
 20
481.0204213698539
 10
473.3789796283647
 20
481.1961219100981
 10
473.3512779070411
 20
481.3749603168886
 10
473.3312459189707
 20
481.5567084084896
 10
473.3190815845238
 20
481.7411380031648
 10
473.3149828240705
 20
481.9280209191785
  0
LINE
  5
18AB
330
10C0
100
AcDbEntity
  8
0
100
AcDbLine
 10
402.4083600461159
 20
521.7330208144098
 30
0.0
 11
402.4083600461159
 21
494.5
 31
0.0
  0
LWPOLYLINE
  5
18E5
330
10C0
100
AcDbEntity
  8
CAMADA_1
100
AcDbPolyline
 90
      132
 70
     1
 43
0.0
 10
755.5327183701388
 20
557.6054124589618
 10
755.5296611238743
 20
559.047584833392
 10
755.5337598843277
 20
559.2344677494057
 10
755.5459242187748
 20
559.4188973440809
 10
755.565956206845
 20
559.6006454356817
 10
755.5936579281688
 20
559.7794838424721
 10
755.6288314623759
 20
559.9551843827163
 10
755.6712788890965
 20
560.127518874678
 10
755.7208022879604
 20
560.2962591366213
 10
755.7772037385977
 20
560.4611769868102
 10
755.8402853206386
 20
560.6220442435088
 10
755.9098491137128
 20
560.7786327249812
 10
755.9856971974503
 20
560.9307142494913
 10
756.0676316514809
 20
561.078060635303
 10
756.1554545554348
 20
561.2204437006803
 10
756.2489679889424
 20
561.3576352638874
 10
756.3479740316329
 20
561.4894071431884
 10
756.4522747631368
 20
561.6155311568468
 10
756.5616722630841
 20
561.7357791231271
 10
756.6759686111046
 20
561.8499228602932
 10
756.7949658868283
 20
561.957734186609
 10
756.9184661698852
 20
562.0589849203386
 10
757.0462715399052
 20
562.153446879746
 10
757.1781840765185
 20
562.2408918830951
 10
757.3140058593552
 20
562.3210917486501
 10
757.4535389680447
 20
562.3938182946749
 10
757.5965854822177
 20
562.4588433394335
 10
757.7429474815036
 20
562.51593870119
 10
757.8924270455327
 20
562.5648761982083
 10
758.0448262539349
 20
562.6054276487523
 10
758.19994718634
 20
562.6373648710863
 10
758.3575919223785
 20
562.6604596834742
 10
758.51756254168
 20
562.6744839041803
 10
758.6796611238746
 20
562.6792093514679
 10
758.841759706069
 20
562.6744839041803
 10
759.0017303253705
 20
562.6604596834742
 10
759.159375061409
 20
562.6373648710863
 10
759.3144959938142
 20
562.6054276487523
 10
759.4668952022162
 20
562.5648761982083
 10
759.6163747662455
 20
562.51593870119
 10
759.7627367655313
 20
562.4588433394335
 10
759.9057832797043
 20
562.3938182946749
 10
760.045316388394
 20
562.3210917486501
 10
760.1811381712304
 20
562.2408918830951
 10
760.3130507078438
 20
562.153446879746
 10
760.4408560778638
 20
562.0589849203386
 10
760.5643563609207
 20
561.957734186609
 10
760.6833536366444
 20
561.8499228602932
 10
760.797649984665
 20
561.7357791231271
 10
760.9070474846122
 20
561.6155311568468
 10
761.0113482161161
 20
561.4894071431884
 10
761.1103542588068
 20
561.3576352638874
 10
761.2038676923142
 20
561.2204437006803
 10
761.2916905962682
 20
561.078060635303
 10
761.3736250502988
 20
560.9307142494913
 10
761.4494731340363
 20
560.7786327249812
 10
761.5190369271105
 20
560.6220442435088
 10
761.5821185091513
 20
560.4611769868102
 10
761.6385199597886
 20
560.2962591366213
 10
761.6880433586525
 20
560.127518874678
 10
761.7304907853731
 20
559.9551843827163
 10
761.7656643195803
 20
559.7794838424721
 10
761.7933660409041
 20
559.6006454356817
 10
761.8133980289745
 20
559.4188973440809
 10
761.8255623634213
 20
559.2344677494057
 10
761.8296611238747
 20
559.047584833392
 10
761.8294807134869
 20
557.483234990746
 10
761.8296611238747
 20
557.4439596203687
 10
761.8255623634213
 20
557.2570767043548
 10
761.8133980289745
 20
557.0726471096796
 10
761.7933660409041
 20
556.8908990180786
 10
761.7656643195803
 20
556.7120606112882
 10
761.7304907853731
 20
556.5363600710441
 10
761.6880433586525
 20
556.3640255790825
 10
761.6385199597886
 20
556.1952853171391
 10
761.5821185091513
 20
556.03036746695
 10
761.5190369271105
 20
555.8695002102516
 10
761.4494731340363
 20
555.7129117287793
 10
761.3736250502988
 20
555.5608302042692
 10
761.2916905962682
 20
555.4134838184575
 10
761.2038676923142
 20
555.2711007530802
 10
761.1103542588068
 20
555.1339091898731
 10
761.0113482161161
 20
555.0021373105722
 10
760.9070474846122
 20
554.8760132969136
 10
760.797649984665
 20
554.7557653306333
 10
760.6833536366444
 20
554.6416215934673
 10
760.5643563609207
 20
554.5338102671514
 10
760.4408560778638
 20
554.4325595334218
 10
760.3130507078438
 20
554.3380975740144
 10
760.1811381712304
 20
554.2506525706653
 10
760.045316388394
 20
554.1704527051104
 10
759.9057832797043
 20
554.0977261590856
 10
759.7627367655313
 20
554.0327011143269
 10
759.6163747662455
 20
553.9756057525706
 10
759.4668952022162
 20
553.9266682555522
 10
759.3144959938142
 20
553.8861168050081
 10
759.159375061409
 20
553.854179582674
 10
759.0017303253705
 20
553.831084770286
 10
758.841759706069
 20
553.8170605495801
 10
758.6796611238746
 20
553.8123351022925
 10
758.51756254168
 20
553.8170605495801
 10
758.3575919223785
 20
553.831084770286
 10
758.19994718634
 20
553.854179582674
 10
758.0448262539349
 20
553.8861168050081
 10
757.8924270455327
 20
553.9266682555522
 10
757.7429474815036
 20
553.9756057525706
 10
757.5965854822177
 20
554.0327011143269
 10
757.4535389680447
 20
554.0977261590856
 10
757.3140058593552
 20
554.1704527051104
 10
757.1781840765185
 20
554.2506525706653
 10
757.0462715399052
 20
554.3380975740144
 10
756.9184661698852
 20
554.4325595334218
 10
756.7949658868283
 20
554.5338102671514
 10
756.6759686111046
 20
554.6416215934673
 10
756.5616722630841
 20
554.7557653306333
 10
756.4522747631368
 20
554.8760132969136
 10
756.3479740316329
 20
555.0021373105722
 10
756.2489679889424
 20
555.1339091898731
 10
756.1554545554348
 20
555.2711007530802
 10
756.0676316514809
 20
555.4134838184575
 10
755.9856971974503
 20
555.5608302042692
 10
755.9098491137128
 20
555.7129117287793
 10
755.8402853206386
 20
555.8695002102516
 10
755.7772037385977
 20
556.03036746695
 10
755.7208022879604
 20
556.1952853171391
 10
755.6712788890965
 20
556.3640255790825
 10
755.6288314623759
 20
556.5363600710441
 10
755.5936579281688
 20
556.7120606112882
 10
755.565956206845
 20
556.8908990180786
 10
755.5459242187748
 20
557.0726471096796
 10
755.5337598843277
 20
557.2570767043548
 10
755.5296611238743
 20
557.4439596203687
  0
LWPOLYLINE
  5
18E6
330
10C0
100
AcDbEntity
  8
CAMADA_1
100
AcDbPolyline
 90
      132
 70
     1
 43
0.0
 10
605.4887000762045
 20
557.6054124589618
 10
605.48564282994
 20
559.047584833392
 10
605.4897415903935
 20
559.2344677494057
 10
605.5019059248405
 20
559.4188973440809
 10
605.5219379129108
 20
559.6006454356817
 10
605.5496396342343
 20
559.7794838424721
 10
605.5848131684415
 20
559.9551843827163
 10
605.6272605951622
 20
560.127518874678
 10
605.6767839940262
 20
560.2962591366213
 10
605.7331854446633
 20
560.4611769868102
 10
605.7962670267041
 20
560.6220442435088
 10
605.8658308197784
 20
560.7786327249812
 10
605.9416789035156
 20
560.9307142494913
 10
606.0236133575465
 20
561.078060635303
 10
606.1114362615005
 20
561.2204437006803
 10
606.2049496950081
 20
561.3576352638874
 10
606.3039557376986
 20
561.4894071431884
 10
606.4082564692025
 20
561.6155311568468
 10
606.5176539691496
 20
561.7357791231271
 10
606.63195031717
 20
561.8499228602932
 10
606.7509475928939
 20
561.957734186609
 10
606.8744478759509
 20
562.0589849203386
 10
607.0022532459709
 20
562.153446879746
 10
607.1341657825843
 20
562.2408918830951
 10
607.2699875654208
 20
562.3210917486501
 10
607.4095206741104
 20
562.3938182946749
 10
607.5525671882833
 20
562.4588433394335
 10
607.6989291875693
 20
562.51593870119
 10
607.8484087515983
 20
562.5648761982083
 10
608.0008079600006
 20
562.6054276487523
 10
608.155928892406
 20
562.6373648710863
 10
608.3135736284443
 20
562.6604596834742
 10
608.4735442477458
 20
562.6744839041803
 10
608.6356428299405
 20
562.6792093514679
 10
608.797741412135
 20
562.6744839041803
 10
608.9577120314364
 20
562.6604596834742
 10
609.1153567674748
 20
562.6373648710863
 10
609.2704776998801
 20
562.6054276487523
 10
609.4228769082823
 20
562.5648761982083
 10
609.5723564723114
 20
562.51593870119
 10
609.7187184715973
 20
562.4588433394335
 10
609.8617649857701
 20
562.3938182946749
 10
610.0012980944597
 20
562.3210917486501
 10
610.1371198772962
 20
562.2408918830951
 10
610.2690324139095
 20
562.153446879746
 10
610.3968377839298
 20
562.0589849203386
 10
610.5203380669867
 20
561.957734186609
 10
610.6393353427104
 20
561.8499228602932
 10
610.7536316907308
 20
561.7357791231271
 10
610.8630291906779
 20
561.6155311568468
 10
610.9673299221819
 20
561.4894071431884
 10
611.0663359648726
 20
561.3576352638874
 10
611.15984939838
 20
561.2204437006803
 10
611.2476723023339
 20
561.078060635303
 10
611.3296067563648
 20
560.9307142494913
 10
611.4054548401022
 20
560.7786327249812
 10
611.4750186331764
 20
560.6220442435088
 10
611.5381002152171
 20
560.4611769868102
 10
611.5945016658545
 20
560.2962591366213
 10
611.6440250647184
 20
560.127518874678
 10
611.6864724914389
 20
559.9551843827163
 10
611.7216460256461
 20
559.7794838424721
 10
611.7493477469698
 20
559.6006454356817
 10
611.7693797350402
 20
559.4188973440809
 10
611.781544069487
 20
559.2344677494057
 10
611.7856428299404
 20
559.047584833392
 10
611.7854624195528
 20
557.483234990746
 10
611.7856428299404
 20
557.4439596203687
 10
611.781544069487
 20
557.2570767043548
 10
611.7693797350402
 20
557.0726471096796
 10
611.7493477469698
 20
556.8908990180786
 10
611.7216460256461
 20
556.7120606112882
 10
611.6864724914389
 20
556.5363600710441
 10
611.6440250647184
 20
556.3640255790825
 10
611.5945016658545
 20
556.1952853171391
 10
611.5381002152171
 20
556.03036746695
 10
611.4750186331764
 20
555.8695002102516
 10
611.4054548401022
 20
555.7129117287793
 10
611.3296067563648
 20
555.5608302042692
 10
611.2476723023339
 20
555.4134838184575
 10
611.15984939838
 20
555.2711007530802
 10
611.0663359648726
 20
555.1339091898731
 10
610.9673299221819
 20
555.0021373105722
 10
610.8630291906779
 20
554.8760132969136
 10
610.7536316907308
 20
554.7557653306333
 10
610.6393353427104
 20
554.6416215934673
 10
610.5203380669867
 20
554.5338102671514
 10
610.3968377839298
 20
554.4325595334218
 10
610.2690324139095
 20
554.3380975740144
 10
610.1371198772962
 20
554.2506525706653
 10
610.0012980944597
 20
554.1704527051104
 10
609.8617649857701
 20
554.0977261590856
 10
609.7187184715973
 20
554.0327011143269
 10
609.5723564723114
 20
553.9756057525706
 10
609.4228769082823
 20
553.9266682555522
 10
609.2704776998801
 20
553.8861168050081
 10
609.1153567674748
 20
553.854179582674
 10
608.9577120314364
 20
553.831084770286
 10
608.797741412135
 20
553.8170605495801
 10
608.6356428299405
 20
553.8123351022925
 10
608.4735442477458
 20
553.8170605495801
 10
608.3135736284443
 20
553.831084770286
 10
608.155928892406
 20
553.854179582674
 10
608.0008079600006
 20
553.8861168050081
 10
607.8484087515983
 20
553.9266682555522
 10
607.6989291875693
 20
553.9756057525706
 10
607.5525671882833
 20
554.0327011143269
 10
607.4095206741104
 20
554.0977261590856
 10
607.2699875654208
 20
554.1704527051104
 10
607.1341657825843
 20
554.2506525706653
 10
607.0022532459709
 20
554.3380975740144
 10
606.8744478759509
 20
554.4325595334218
 10
606.7509475928939
 20
554.5338102671514
 10
606.63195031717
 20
554.6416215934673
 10
606.5176539691496
 20
554.7557653306333
 10
606.4082564692025
 20
554.8760132969136
 10
606.3039557376986
 20
555.0021373105722
 10
606.2049496950081
 20
555.1339091898731
 10
606.1114362615005
 20
555.2711007530802
 10
606.0236133575465
 20
555.4134838184575
 10
605.9416789035156
 20
555.5608302042692
 10
605.8658308197784
 20
555.7129117287793
 10
605.7962670267041
 20
555.8695002102516
 10
605.7331854446633
 20
556.03036746695
 10
605.6767839940262
 20
556.1952853171391
 10
605.6272605951622
 20
556.3640255790825
 10
605.5848131684415
 20
556.5363600710441
 10
605.5496396342343
 20
556.7120606112882
 10
605.5219379129108
 20
556.8908990180786
 10
605.5019059248405
 20
557.0726471096796
 10
605.4897415903935
 20
557.2570767043548
 10
605.48564282994
 20
557.4439596203687
  0
LWPOLYLINE
  5
18E7
330
10C0
100
AcDbEntity
  8
CAMADA_1
100
AcDbPolyline
 90
      132
 70
     1
 43
0.0
 10
680.5233532223954
 20
616.3425988022725
 10
680.5202959761309
 20
617.784771176703
 10
680.5243947365843
 20
617.9716540927168
 10
680.5365590710311
 20
618.156083687392
 10
680.5565910591014
 20
618.3378317789929
 10
680.5842927804254
 20
618.5166701857833
 10
680.6194663146325
 20
618.6923707260275
 10
680.661913741353
 20
618.8647052179891
 10
680.7114371402169
 20
619.0334454799324
 10
680.7678385908543
 20
619.1983633301215
 10
680.830920172895
 20
619.3592305868202
 10
680.9004839659692
 20
619.5158190682924
 10
680.9763320497065
 20
619.6679005928026
 10
681.0582665037372
 20
619.8152469786143
 10
681.1460894076915
 20
619.9576300439917
 10
681.2396028411987
 20
620.0948216071988
 10
681.3386088838894
 20
620.2265934864997
 10
681.4429096153935
 20
620.3527175001584
 10
681.5523071153407
 20
620.4729654664386
 10
681.6666034633611
 20
620.5871092036046
 10
681.7856007390848
 20
620.6949205299206
 10
681.9091010221418
 20
620.7961712636503
 10
682.0369063921618
 20
620.8906332230576
 10
682.1688189287751
 20
620.9780782264068
 10
682.3046407116116
 20
621.0582780919617
 10
682.4441738203013
 20
621.1310046379865
 10
682.5872203344742
 20
621.196029682745
 10
682.73358233376
 20
621.2531250445014
 10
682.8830618977892
 20
621.3020625415199
 10
683.0354611061913
 20
621.342613992064
 10
683.1905820385968
 20
621.3745512143979
 10
683.3482267746354
 20
621.3976460267859
 10
683.5081973939366
 20
621.4116702474919
 10
683.6702959761312
 20
621.4163956947794
 10
683.8323945583258
 20
621.4116702474919
 10
683.9923651776273
 20
621.3976460267859
 10
684.1500099136656
 20
621.3745512143979
 10
684.305130846071
 20
621.342613992064
 10
684.4575300544732
 20
621.3020625415199
 10
684.6070096185022
 20
621.2531250445014
 10
684.7533716177882
 20
621.196029682745
 10
684.8964181319611
 20
621.1310046379865
 10
685.0359512406507
 20
621.0582780919617
 10
685.1717730234873
 20
620.9780782264068
 10
685.3036855601005
 20
620.8906332230576
 10
685.4314909301206
 20
620.7961712636503
 10
685.5549912131776
 20
620.6949205299206
 10
685.6739884889012
 20
620.5871092036046
 10
685.7882848369216
 20
620.4729654664386
 10
685.8976823368688
 20
620.3527175001584
 10
686.0019830683728
 20
620.2265934864997
 10
686.1009891110635
 20
620.0948216071988
 10
686.1945025445709
 20
619.9576300439917
 10
686.2823254485249
 20
619.8152469786143
 10
686.3642599025557
 20
619.6679005928026
 10
686.4401079862932
 20
619.5158190682924
 10
686.5096717793672
 20
619.3592305868202
 10
686.5727533614079
 20
619.1983633301215
 10
686.6291548120452
 20
619.0334454799324
 10
686.6786782109093
 20
618.8647052179891
 10
686.7211256376298
 20
618.6923707260275
 10
686.756299171837
 20
618.5166701857833
 10
686.7840008931607
 20
618.3378317789929
 10
686.8040328812311
 20
618.156083687392
 10
686.816197215678
 20
617.9716540927168
 10
686.8202959761313
 20
617.784771176703
 10
686.8201155657435
 20
616.2204213340567
 10
686.8202959761313
 20
616.1811459636794
 10
686.816197215678
 20
615.9942630476657
 10
686.8040328812311
 20
615.8098334529903
 10
686.7840008931607
 20
615.6280853613894
 10
686.756299171837
 20
615.4492469545989
 10
686.7211256376298
 20
615.2735464143547
 10
686.6786782109093
 20
615.1012119223929
 10
686.6291548120452
 20
614.9324716604496
 10
686.5727533614079
 20
614.7675538102606
 10
686.5096717793672
 20
614.606686553562
 10
686.4401079862932
 20
614.4500980720895
 10
686.3642599025557
 20
614.2980165475794
 10
686.2823254485249
 20
614.1506701617678
 10
686.1945025445709
 20
614.0082870963905
 10
686.1009891110635
 20
613.8710955331832
 10
686.0019830683728
 20
613.7393236538825
 10
685.8976823368688
 20
613.6131996402239
 10
685.7882848369216
 20
613.4929516739435
 10
685.6739884889012
 20
613.3788079367774
 10
685.5549912131776
 20
613.2709966104616
 10
685.4314909301206
 20
613.169745876732
 10
685.3036855601005
 20
613.0752839173246
 10
685.1717730234873
 20
612.9878389139753
 10
685.0359512406507
 20
612.9076390484205
 10
684.8964181319611
 20
612.8349125023955
 10
684.7533716177882
 20
612.769887457637
 10
684.6070096185022
 20
612.7127920958804
 10
684.4575300544732
 20
612.6638545988621
 10
684.305130846071
 20
612.6233031483181
 10
684.1500099136656
 20
612.5913659259839
 10
683.9923651776273
 20
612.5682711135961
 10
683.8323945583258
 20
612.5542468928902
 10
683.6702959761312
 20
612.5495214456024
 10
683.5081973939366
 20
612.5542468928902
 10
683.3482267746354
 20
612.5682711135961
 10
683.1905820385968
 20
612.5913659259839
 10
683.0354611061913
 20
612.6233031483181
 10
682.8830618977892
 20
612.6638545988621
 10
682.73358233376
 20
612.7127920958804
 10
682.5872203344742
 20
612.769887457637
 10
682.4441738203013
 20
612.8349125023955
 10
682.3046407116116
 20
612.9076390484205
 10
682.1688189287751
 20
612.9878389139753
 10
682.0369063921618
 20
613.0752839173246
 10
681.9091010221418
 20
613.169745876732
 10
681.7856007390848
 20
613.2709966104616
 10
681.6666034633611
 20
613.3788079367774
 10
681.5523071153407
 20
613.4929516739435
 10
681.4429096153935
 20
613.6131996402239
 10
681.3386088838894
 20
613.7393236538825
 10
681.2396028411987
 20
613.8710955331832
 10
681.1460894076915
 20
614.0082870963905
 10
681.0582665037372
 20
614.1506701617678
 10
680.9763320497065
 20
614.2980165475794
 10
680.9004839659692
 20
614.4500980720895
 10
680.830920172895
 20
614.606686553562
 10
680.7678385908543
 20
614.7675538102606
 10
680.7114371402169
 20
614.9324716604496
 10
680.661913741353
 20
615.1012119223929
 10
680.6194663146325
 20
615.2735464143547
 10
680.5842927804254
 20
615.4492469545989
 10
680.5565910591014
 20
615.6280853613894
 10
680.5365590710311
 20
615.8098334529903
 10
680.5243947365843
 20
615.9942630476657
 10
680.5202959761309
 20
616.1811459636794
  0
LWPOLYLINE
  5
18E8
330
10C0
100
AcDbEntity
  8
CAMADA_1
100
AcDbPolyline
 90
        4
 70
     1
 43
0.0
 10
638.3228719333893
 20
448.8205714409171
 10
653.6228719333893
 20
448.8205714409171
 10
653.6228719333893
 20
452.0
 10
638.3228719333893
 20
452.0
  0
LWPOLYLINE
  5
18E9
330
10C0
100
AcDbEntity
  8
CAMADA_1
100
AcDbPolyline
 90
        4
 70
     1
 43
0.0
 10
713.8219837106655
 20
448.8205714409171
 10
729.1219837106654
 20
448.8205714409171
 10
729.1219837106654
 20
452.0
 10
713.8219837106655
 20
452.0
  0
LWPOLYLINE
  5
18EA
330
10C0
100
AcDbEntity
  8
CAMADA_1
100
AcDbPolyline
 90
      132
 70
     1
 43
0.0
 10
743.9414424459914
 20
453.3222025778861
 10
743.938385199727
 20
454.7643749523163
 10
743.9424839601805
 20
454.95125786833
 10
743.9546482946273
 20
455.1356874630052
 10
743.9746802826976
 20
455.317435554606
 10
744.0023820040216
 20
455.4962739613966
 10
744.0375555382285
 20
455.6719745016406
 10
744.0800029649493
 20
455.8443089936022
 10
744.1295263638131
 20
456.0130492555456
 10
744.1859278144505
 20
456.1779671057347
 10
744.2490093964912
 20
456.3388343624334
 10
744.3185731895655
 20
456.4954228439057
 10
744.3944212733027
 20
456.6475043684158
 10
744.4763557273335
 20
456.7948507542273
 10
744.5641786312874
 20
456.9372338196047
 10
744.6576920647948
 20
457.0744253828118
 10
744.7566981074856
 20
457.2061972621126
 10
744.8609988389895
 20
457.3323212757713
 10
744.9703963389367
 20
457.4525692420515
 10
745.0846926869573
 20
457.5667129792176
 10
745.203689962681
 20
457.6745243055334
 10
745.3271902457379
 20
457.7757750392631
 10
745.4549956157579
 20
457.8702369986703
 10
745.5869081523712
 20
457.9576820020196
 10
745.7227299352077
 20
458.0378818675746
 10
745.8622630438973
 20
458.1106084135994
 10
746.0053095580704
 20
458.1756334583579
 10
746.1516715573562
 20
458.2327288201143
 10
746.3011511213854
 20
458.2816663171326
 10
746.4535503297875
 20
458.3222177676768
 10
746.6086712621928
 20
458.354154990011
 10
746.7663159982312
 20
458.3772498023988
 10
746.9262866175327
 20
458.3912740231046
 10
747.0883851997274
 20
458.3959994703923
 10
747.2504837819218
 20
458.3912740231046
 10
747.4104544012231
 20
458.3772498023988
 10
747.5680991372617
 20
458.354154990011
 10
747.7232200696668
 20
458.3222177676768
 10
747.875619278069
 20
458.2816663171326
 10
748.0250988420981
 20
458.2327288201143
 10
748.171460841384
 20
458.1756334583579
 10
748.314507355557
 20
458.1106084135994
 10
748.4540404642466
 20
458.0378818675746
 10
748.5898622470831
 20
457.9576820020196
 10
748.7217747836965
 20
457.8702369986703
 10
748.8495801537164
 20
457.7757750392631
 10
748.9730804367735
 20
457.6745243055334
 10
749.0920777124971
 20
457.5667129792176
 10
749.2063740605176
 20
457.4525692420515
 10
749.3157715604649
 20
457.3323212757713
 10
749.4200722919688
 20
457.2061972621126
 10
749.5190783346595
 20
457.0744253828118
 10
749.6125917681669
 20
456.9372338196047
 10
749.7004146721208
 20
456.7948507542273
 10
749.7823491261515
 20
456.6475043684158
 10
749.8581972098889
 20
456.4954228439057
 10
749.9277610029631
 20
456.3388343624334
 10
749.990842585004
 20
456.1779671057347
 10
750.0472440356413
 20
456.0130492555456
 10
750.0967674345051
 20
455.8443089936022
 10
750.1392148612258
 20
455.6719745016406
 10
750.1743883954329
 20
455.4962739613966
 10
750.2020901167568
 20
455.317435554606
 10
750.2221221048272
 20
455.1356874630052
 10
750.234286439274
 20
454.95125786833
 10
750.2383851997274
 20
454.7643749523163
 10
750.2382047893396
 20
453.2000251096702
 10
750.2383851997274
 20
453.1607497392928
 10
750.234286439274
 20
452.9738668232791
 10
750.2221221048272
 20
452.7894372286039
 10
750.2020901167568
 20
452.607689137003
 10
750.1743883954329
 20
452.4288507302125
 10
750.1392148612258
 20
452.2531501899683
 10
750.0967674345051
 20
452.0808156980066
 10
750.0472440356413
 20
451.9120754360634
 10
749.990842585004
 20
451.7471575858743
 10
749.9277610029631
 20
451.5862903291757
 10
749.8581972098889
 20
451.4297018477034
 10
749.7823491261515
 20
451.2776203231933
 10
749.7004146721208
 20
451.1302739373816
 10
749.6125917681669
 20
450.9878908720042
 10
749.5190783346595
 20
450.8506993087971
 10
749.4200722919688
 20
450.7189274294963
 10
749.3157715604649
 20
450.5928034158377
 10
749.2063740605176
 20
450.4725554495573
 10
749.0920777124971
 20
450.3584117123913
 10
748.9730804367735
 20
450.2506003860755
 10
748.8495801537164
 20
450.1493496523458
 10
748.7217747836965
 20
450.0548876929386
 10
748.5898622470831
 20
449.9674426895892
 10
748.4540404642466
 20
449.8872428240343
 10
748.314507355557
 20
449.8145162780097
 10
748.171460841384
 20
449.749491233251
 10
748.0250988420981
 20
449.6923958714946
 10
747.875619278069
 20
449.6434583744763
 10
747.7232200696668
 20
449.602906923932
 10
747.5680991372617
 20
449.5709697015979
 10
747.4104544012231
 20
449.5478748892101
 10
747.2504837819218
 20
449.5338506685043
 10
747.0883851997274
 20
449.5291252212165
 10
746.9262866175327
 20
449.5338506685043
 10
746.7663159982312
 20
449.5478748892101
 10
746.6086712621928
 20
449.5709697015979
 10
746.4535503297875
 20
449.602906923932
 10
746.3011511213854
 20
449.6434583744763
 10
746.1516715573562
 20
449.6923958714946
 10
746.0053095580704
 20
449.749491233251
 10
745.8622630438973
 20
449.8145162780097
 10
745.7227299352077
 20
449.8872428240343
 10
745.5869081523712
 20
449.9674426895892
 10
745.4549956157579
 20
450.0548876929386
 10
745.3271902457379
 20
450.1493496523458
 10
745.203689962681
 20
450.2506003860755
 10
745.0846926869573
 20
450.3584117123913
 10
744.9703963389367
 20
450.4725554495573
 10
744.8609988389895
 20
450.5928034158377
 10
744.7566981074856
 20
450.7189274294963
 10
744.6576920647948
 20
450.8506993087971
 10
744.5641786312874
 20
450.9878908720042
 10
744.4763557273335
 20
451.1302739373816
 10
744.3944212733027
 20
451.2776203231933
 10
744.3185731895655
 20
451.4297018477034
 10
744.2490093964912
 20
451.5862903291757
 10
744.1859278144505
 20
451.7471575858743
 10
744.1295263638131
 20
451.9120754360634
 10
744.0800029649493
 20
452.0808156980066
 10
744.0375555382285
 20
452.2531501899683
 10
744.0023820040216
 20
452.4288507302125
 10
743.9746802826976
 20
452.607689137003
 10
743.9546482946273
 20
452.7894372286039
 10
743.9424839601805
 20
452.9738668232791
 10
743.938385199727
 20
453.1607497392928
  0
LWPOLYLINE
  5
18EB
330
10C0
100
AcDbEntity
  8
CAMADA_1
100
AcDbPolyline
 90
      132
 70
     1
 43
0.0
 10
617.07997600035
 20
453.3222025778861
 10
617.0769187540856
 20
454.7643749523163
 10
617.081017514539
 20
454.95125786833
 10
617.0931818489858
 20
455.1356874630052
 10
617.1132138370563
 20
455.317435554606
 10
617.1409155583798
 20
455.4962739613966
 10
617.176089092587
 20
455.6719745016406
 10
617.2185365193077
 20
455.8443089936022
 10
617.2680599181717
 20
456.0130492555456
 10
617.3244613688089
 20
456.1779671057347
 10
617.3875429508496
 20
456.3388343624334
 10
617.4571067439238
 20
456.4954228439057
 10
617.5329548276613
 20
456.6475043684158
 10
617.614889281692
 20
456.7948507542273
 10
617.702712185646
 20
456.9372338196047
 10
617.7962256191535
 20
457.0744253828118
 10
617.8952316618441
 20
457.2061972621126
 10
617.999532393348
 20
457.3323212757713
 10
618.1089298932952
 20
457.4525692420515
 10
618.2232262413158
 20
457.5667129792176
 10
618.3422235170394
 20
457.6745243055334
 10
618.4657238000964
 20
457.7757750392631
 10
618.5935291701165
 20
457.8702369986703
 10
618.72544170673
 20
457.9576820020196
 10
618.8612634895663
 20
458.0378818675746
 10
619.000796598256
 20
458.1106084135994
 10
619.1438431124288
 20
458.1756334583579
 10
619.2902051117148
 20
458.2327288201143
 10
619.439684675744
 20
458.2816663171326
 10
619.5920838841462
 20
458.3222177676768
 10
619.7472048165515
 20
458.354154990011
 10
619.9048495525898
 20
458.3772498023988
 10
620.0648201718913
 20
458.3912740231046
 10
620.226918754086
 20
458.3959994703923
 10
620.3890173362805
 20
458.3912740231046
 10
620.5489879555819
 20
458.3772498023988
 10
620.7066326916203
 20
458.354154990011
 10
620.8617536240256
 20
458.3222177676768
 10
621.0141528324279
 20
458.2816663171326
 10
621.1636323964569
 20
458.2327288201143
 10
621.3099943957429
 20
458.1756334583579
 10
621.4530409099157
 20
458.1106084135994
 10
621.5925740186055
 20
458.0378818675746
 10
621.728395801442
 20
457.9576820020196
 10
621.8603083380553
 20
457.8702369986703
 10
621.9881137080753
 20
457.7757750392631
 10
622.1116139911323
 20
457.6745243055334
 10
622.2306112668559
 20
457.5667129792176
 10
622.3449076148763
 20
457.4525692420515
 10
622.4543051148234
 20
457.3323212757713
 10
622.5586058463274
 20
457.2061972621126
 10
622.6576118890181
 20
457.0744253828118
 10
622.7511253225254
 20
456.9372338196047
 10
622.8389482264795
 20
456.7948507542273
 10
622.9208826805104
 20
456.6475043684158
 10
622.9967307642477
 20
456.4954228439057
 10
623.0662945573219
 20
456.3388343624334
 10
623.1293761393626
 20
456.1779671057347
 10
623.18577759
 20
456.0130492555456
 10
623.2353009888639
 20
455.8443089936022
 10
623.2777484155844
 20
455.6719745016406
 10
623.3129219497916
 20
455.4962739613966
 10
623.3406236711153
 20
455.317435554606
 10
623.3606556591857
 20
455.1356874630052
 10
623.3728199936325
 20
454.95125786833
 10
623.376918754086
 20
454.7643749523163
 10
623.3767383436982
 20
453.2000251096702
 10
623.376918754086
 20
453.1607497392928
 10
623.3728199936325
 20
452.9738668232791
 10
623.3606556591857
 20
452.7894372286039
 10
623.3406236711153
 20
452.607689137003
 10
623.3129219497916
 20
452.4288507302125
 10
623.2777484155844
 20
452.2531501899683
 10
623.2353009888639
 20
452.0808156980066
 10
623.18577759
 20
451.9120754360634
 10
623.1293761393626
 20
451.7471575858743
 10
623.0662945573219
 20
451.5862903291757
 10
622.9967307642477
 20
451.4297018477034
 10
622.9208826805104
 20
451.2776203231933
 10
622.8389482264795
 20
451.1302739373816
 10
622.7511253225254
 20
450.9878908720042
 10
622.6576118890181
 20
450.8506993087971
 10
622.5586058463274
 20
450.7189274294963
 10
622.4543051148234
 20
450.5928034158377
 10
622.3449076148763
 20
450.4725554495573
 10
622.2306112668559
 20
450.3584117123913
 10
622.1116139911323
 20
450.2506003860755
 10
621.9881137080753
 20
450.1493496523458
 10
621.8603083380553
 20
450.0548876929386
 10
621.728395801442
 20
449.9674426895892
 10
621.5925740186055
 20
449.8872428240343
 10
621.4530409099157
 20
449.8145162780097
 10
621.3099943957429
 20
449.749491233251
 10
621.1636323964569
 20
449.6923958714946
 10
621.0141528324279
 20
449.6434583744763
 10
620.8617536240256
 20
449.602906923932
 10
620.7066326916203
 20
449.5709697015979
 10
620.5489879555819
 20
449.5478748892101
 10
620.3890173362805
 20
449.5338506685043
 10
620.226918754086
 20
449.5291252212165
 10
620.0648201718913
 20
449.5338506685043
 10
619.9048495525898
 20
449.5478748892101
 10
619.7472048165515
 20
449.5709697015979
 10
619.5920838841462
 20
449.602906923932
 10
619.439684675744
 20
449.6434583744763
 10
619.2902051117148
 20
449.6923958714946
 10
619.1438431124288
 20
449.749491233251
 10
619.000796598256
 20
449.8145162780097
 10
618.8612634895663
 20
449.8872428240343
 10
618.72544170673
 20
449.9674426895892
 10
618.5935291701165
 20
450.0548876929386
 10
618.4657238000964
 20
450.1493496523458
 10
618.3422235170394
 20
450.2506003860755
 10
618.2232262413158
 20
450.3584117123913
 10
618.1089298932952
 20
450.4725554495573
 10
617.999532393348
 20
450.5928034158377
 10
617.8952316618441
 20
450.7189274294963
 10
617.7962256191535
 20
450.8506993087971
 10
617.702712185646
 20
450.9878908720042
 10
617.614889281692
 20
451.1302739373816
 10
617.5329548276613
 20
451.2776203231933
 10
617.4571067439238
 20
451.4297018477034
 10
617.3875429508496
 20
451.5862903291757
 10
617.3244613688089
 20
451.7471575858743
 10
617.2680599181717
 20
451.9120754360634
 10
617.2185365193077
 20
452.0808156980066
 10
617.176089092587
 20
452.2531501899683
 10
617.1409155583798
 20
452.4288507302125
 10
617.1132138370563
 20
452.607689137003
 10
617.0931818489858
 20
452.7894372286039
 10
617.081017514539
 20
452.9738668232791
 10
617.0769187540856
 20
453.1607497392928
  0
LWPOLYLINE
  5
18EC
330
10C0
100
AcDbEntity
  8
CAMADA_1
100
AcDbPolyline
 90
        4
 70
     1
 43
0.0
 10
638.3228719333893
 20
508.3216313630968
 10
653.6228719333893
 20
508.3216313630968
 10
653.6228719333893
 20
511.5
 10
638.3228719333893
 20
511.5
  0
LWPOLYLINE
  5
18ED
330
10C0
100
AcDbEntity
  8
CAMADA_1
100
AcDbPolyline
 90
        4
 70
     1
 43
0.0
 10
713.8219837106655
 20
508.3216313630968
 10
729.1219837106654
 20
508.3216313630968
 10
729.1219837106654
 20
511.5
 10
713.8219837106655
 20
511.5
  0
LWPOLYLINE
  5
18EE
330
10C0
100
AcDbEntity
  8
CAMADA_1
100
AcDbPolyline
 90
      132
 70
     1
 43
0.0
 10
680.5233532223954
 20
511.3636328912857
 10
680.5202959761309
 20
512.8058052657158
 10
680.5243947365843
 20
512.9926881817295
 10
680.5365590710311
 20
513.177117776405
 10
680.5565910591014
 20
513.3588658680058
 10
680.5842927804254
 20
513.5377042747964
 10
680.6194663146325
 20
513.7134048150405
 10
680.661913741353
 20
513.8857393070021
 10
680.7114371402169
 20
514.0544795689454
 10
680.7678385908543
 20
514.2193974191344
 10
680.830920172895
 20
514.380264675833
 10
680.9004839659692
 20
514.5368531573053
 10
680.9763320497065
 20
514.6889346818154
 10
681.0582665037372
 20
514.8362810676271
 10
681.1460894076915
 20
514.9786641330044
 10
681.2396028411987
 20
515.1158556962115
 10
681.3386088838894
 20
515.2476275755124
 10
681.4429096153935
 20
515.3737515891708
 10
681.5523071153407
 20
515.4939995554513
 10
681.6666034633611
 20
515.6081432926173
 10
681.7856007390848
 20
515.7159546189332
 10
681.9091010221418
 20
515.8172053526627
 10
682.0369063921618
 20
515.9116673120702
 10
682.1688189287751
 20
515.9991123154194
 10
682.3046407116116
 20
516.0793121809742
 10
682.4441738203013
 20
516.152038726999
 10
682.5872203344742
 20
516.2170637717577
 10
682.73358233376
 20
516.2741591335141
 10
682.8830618977892
 20
516.3230966305325
 10
683.0354611061913
 20
516.3636480810765
 10
683.1905820385968
 20
516.3955853034106
 10
683.3482267746354
 20
516.4186801157986
 10
683.5081973939366
 20
516.4327043365045
 10
683.6702959761312
 20
516.4374297837921
 10
683.8323945583258
 20
516.4327043365045
 10
683.9923651776273
 20
516.4186801157986
 10
684.1500099136656
 20
516.3955853034106
 10
684.305130846071
 20
516.3636480810765
 10
684.4575300544732
 20
516.3230966305325
 10
684.6070096185022
 20
516.2741591335141
 10
684.7533716177882
 20
516.2170637717577
 10
684.8964181319611
 20
516.152038726999
 10
685.0359512406507
 20
516.0793121809742
 10
685.1717730234873
 20
515.9991123154194
 10
685.3036855601005
 20
515.9116673120702
 10
685.4314909301206
 20
515.8172053526627
 10
685.5549912131776
 20
515.7159546189332
 10
685.6739884889012
 20
515.6081432926173
 10
685.7882848369216
 20
515.4939995554513
 10
685.8976823368688
 20
515.3737515891708
 10
686.0019830683728
 20
515.2476275755124
 10
686.1009891110635
 20
515.1158556962115
 10
686.1945025445709
 20
514.9786641330044
 10
686.2823254485249
 20
514.8362810676271
 10
686.3642599025557
 20
514.6889346818154
 10
686.4401079862932
 20
514.5368531573053
 10
686.5096717793672
 20
514.380264675833
 10
686.5727533614079
 20
514.2193974191344
 10
686.6291548120452
 20
514.0544795689454
 10
686.6786782109093
 20
513.8857393070021
 10
686.7211256376298
 20
513.7134048150405
 10
686.756299171837
 20
513.5377042747964
 10
686.7840008931607
 20
513.3588658680058
 10
686.8040328812311
 20
513.177117776405
 10
686.816197215678
 20
512.9926881817295
 10
686.8202959761313
 20
512.8058052657158
 10
686.8201155657435
 20
511.2414554230698
 10
686.8202959761313
 20
511.2021800526926
 10
686.816197215678
 20
511.0152971366789
 10
686.8040328812311
 20
510.8308675420036
 10
686.7840008931607
 20
510.6491194504027
 10
686.756299171837
 20
510.4702810436122
 10
686.7211256376298
 20
510.2945805033682
 10
686.6786782109093
 20
510.1222460114064
 10
686.6291548120452
 20
509.9535057494631
 10
686.5727533614079
 20
509.788587899274
 10
686.5096717793672
 20
509.6277206425753
 10
686.4401079862932
 20
509.471132161103
 10
686.3642599025557
 20
509.3190506365929
 10
686.2823254485249
 20
509.1717042507812
 10
686.1945025445709
 20
509.0293211854039
 10
686.1009891110635
 20
508.8921296221967
 10
686.0019830683728
 20
508.7603577428959
 10
685.8976823368688
 20
508.6342337292373
 10
685.7882848369216
 20
508.513985762957
 10
685.6739884889012
 20
508.3998420257911
 10
685.5549912131776
 20
508.2920306994751
 10
685.4314909301206
 20
508.1907799657455
 10
685.3036855601005
 20
508.0963180063381
 10
685.1717730234873
 20
508.008873002989
 10
685.0359512406507
 20
507.9286731374341
 10
684.8964181319611
 20
507.8559465914091
 10
684.7533716177882
 20
507.7909215466506
 10
684.6070096185022
 20
507.7338261848942
 10
684.4575300544732
 20
507.6848886878758
 10
684.305130846071
 20
507.6443372373318
 10
684.1500099136656
 20
507.6124000149977
 10
683.9923651776273
 20
507.5893052026097
 10
683.8323945583258
 20
507.5752809819038
 10
683.6702959761312
 20
507.5705555346162
 10
683.5081973939366
 20
507.5752809819038
 10
683.3482267746354
 20
507.5893052026097
 10
683.1905820385968
 20
507.6124000149977
 10
683.0354611061913
 20
507.6443372373318
 10
682.8830618977892
 20
507.6848886878758
 10
682.73358233376
 20
507.7338261848942
 10
682.5872203344742
 20
507.7909215466506
 10
682.4441738203013
 20
507.8559465914091
 10
682.3046407116116
 20
507.9286731374341
 10
682.1688189287751
 20
508.008873002989
 10
682.0369063921618
 20
508.0963180063381
 10
681.9091010221418
 20
508.1907799657455
 10
681.7856007390848
 20
508.2920306994751
 10
681.6666034633611
 20
508.3998420257911
 10
681.5523071153407
 20
508.513985762957
 10
681.4429096153935
 20
508.6342337292373
 10
681.3386088838894
 20
508.7603577428959
 10
681.2396028411987
 20
508.8921296221967
 10
681.1460894076915
 20
509.0293211854039
 10
681.0582665037372
 20
509.1717042507812
 10
680.9763320497065
 20
509.3190506365929
 10
680.9004839659692
 20
509.471132161103
 10
680.830920172895
 20
509.6277206425753
 10
680.7678385908543
 20
509.788587899274
 10
680.7114371402169
 20
509.9535057494631
 10
680.661913741353
 20
510.1222460114064
 10
680.6194663146325
 20
510.2945805033682
 10
680.5842927804254
 20
510.4702810436122
 10
680.5565910591014
 20
510.6491194504027
 10
680.5365590710311
 20
510.8308675420036
 10
680.5243947365843
 20
511.0152971366789
 10
680.5202959761309
 20
511.2021800526926
  0
LWPOLYLINE
  5
18EF
330
10C0
100
AcDbEntity
  8
CAMADA_1
100
AcDbPolyline
 90
      132
 70
     1
 43
0.0
 10
765.5378684584716
 20
407.4964310899763
 10
765.5348112122071
 20
408.9386034644063
 10
765.5389099726605
 20
409.1254863804202
 10
765.5510743071074
 20
409.3099159750954
 10
765.5711062951779
 20
409.4916640666962
 10
765.5988080165014
 20
409.6705024734866
 10
765.6339815507087
 20
409.8462030137307
 10
765.6764289774294
 20
410.0185375056924
 10
765.7259523762932
 20
410.1872777676358
 10
765.7823538269305
 20
410.3521956178248
 10
765.8454354089713
 20
410.5130628745234
 10
765.9149992020456
 20
410.6696513559957
 10
765.990847285783
 20
410.8217328805058
 10
766.0727817398139
 20
410.9690792663175
 10
766.1606046437676
 20
411.1114623316947
 10
766.254118077275
 20
411.2486538949019
 10
766.3531241199658
 20
411.3804257742028
 10
766.4574248514696
 20
411.5065497878613
 10
766.566822351417
 20
411.6267977541416
 10
766.6811186994374
 20
411.7409414913077
 10
766.8001159751612
 20
411.8487528176236
 10
766.9236162582181
 20
411.9500035513531
 10
767.0514216282382
 20
412.0444655107603
 10
767.1833341648515
 20
412.1319105141097
 10
767.3191559476879
 20
412.2121103796645
 10
767.4586890563776
 20
412.2848369256894
 10
767.6017355705505
 20
412.3498619704482
 10
767.7480975698365
 20
412.4069573322045
 10
767.8975771338655
 20
412.4558948292229
 10
768.0499763422676
 20
412.4964462797669
 10
768.2050972746728
 20
412.5283835021011
 10
768.3627420107113
 20
412.551478314489
 10
768.5227126300128
 20
412.5655025351949
 10
768.6848112122074
 20
412.5702279824825
 10
768.8469097944018
 20
412.5655025351949
 10
769.0068804137033
 20
412.551478314489
 10
769.1645251497418
 20
412.5283835021011
 10
769.3196460821471
 20
412.4964462797669
 10
769.4720452905492
 20
412.4558948292229
 10
769.6215248545783
 20
412.4069573322045
 10
769.7678868538641
 20
412.3498619704482
 10
769.9109333680371
 20
412.2848369256894
 10
770.0504664767268
 20
412.2121103796645
 10
770.1862882595633
 20
412.1319105141097
 10
770.3182007961765
 20
412.0444655107603
 10
770.4460061661966
 20
411.9500035513531
 10
770.5695064492535
 20
411.8487528176236
 10
770.6885037249772
 20
411.7409414913077
 10
770.8028000729978
 20
411.6267977541416
 10
770.912197572945
 20
411.5065497878613
 10
771.016498304449
 20
411.3804257742028
 10
771.1155043471396
 20
411.2486538949019
 10
771.209017780647
 20
411.1114623316947
 10
771.296840684601
 20
410.9690792663175
 10
771.3787751386316
 20
410.8217328805058
 10
771.4546232223691
 20
410.6696513559957
 10
771.5241870154433
 20
410.5130628745234
 10
771.5872685974842
 20
410.3521956178248
 10
771.6436700481215
 20
410.1872777676358
 10
771.6931934469853
 20
410.0185375056924
 10
771.7356408737059
 20
409.8462030137307
 10
771.7708144079132
 20
409.6705024734866
 10
771.7985161292369
 20
409.4916640666962
 10
771.8185481173073
 20
409.3099159750954
 10
771.8307124517541
 20
409.1254863804202
 10
771.8348112122075
 20
408.9386034644063
 10
771.8346308018197
 20
407.3742536217602
 10
771.8348112122075
 20
407.3349782513829
 10
771.8307124517541
 20
407.1480953353692
 10
771.8185481173073
 20
406.9636657406939
 10
771.7985161292369
 20
406.7819176490933
 10
771.7708144079132
 20
406.6030792423028
 10
771.7356408737059
 20
406.4273787020586
 10
771.6931934469853
 20
406.2550442100969
 10
771.6436700481215
 20
406.0863039481534
 10
771.5872685974842
 20
405.9213860979644
 10
771.5241870154433
 20
405.7605188412657
 10
771.4546232223691
 20
405.6039303597934
 10
771.3787751386316
 20
405.4518488352835
 10
771.296840684601
 20
405.3045024494718
 10
771.209017780647
 20
405.1621193840943
 10
771.1155043471396
 20
405.0249278208871
 10
771.016498304449
 20
404.8931559415864
 10
770.912197572945
 20
404.7670319279277
 10
770.8028000729978
 20
404.6467839616474
 10
770.6885037249772
 20
404.5326402244815
 10
770.5695064492535
 20
404.4248288981656
 10
770.4460061661966
 20
404.323578164436
 10
770.3182007961765
 20
404.2291162050287
 10
770.1862882595633
 20
404.1416712016794
 10
770.0504664767268
 20
404.0614713361245
 10
769.9109333680371
 20
403.9887447900997
 10
769.7678868538641
 20
403.923719745341
 10
769.6215248545783
 20
403.8666243835845
 10
769.4720452905492
 20
403.8176868865662
 10
769.3196460821471
 20
403.7771354360221
 10
769.1645251497418
 20
403.7451982136881
 10
769.0068804137033
 20
403.7221034013001
 10
768.8469097944018
 20
403.7080791805943
 10
768.6848112122074
 20
403.7033537333066
 10
768.5227126300128
 20
403.7080791805943
 10
768.3627420107113
 20
403.7221034013001
 10
768.2050972746728
 20
403.7451982136881
 10
768.0499763422676
 20
403.7771354360221
 10
767.8975771338655
 20
403.8176868865662
 10
767.7480975698365
 20
403.8666243835845
 10
767.6017355705505
 20
403.923719745341
 10
767.4586890563776
 20
403.9887447900997
 10
767.3191559476879
 20
404.0614713361245
 10
767.1833341648515
 20
404.1416712016794
 10
767.0514216282382
 20
404.2291162050287
 10
766.9236162582181
 20
404.323578164436
 10
766.8001159751612
 20
404.4248288981656
 10
766.6811186994374
 20
404.5326402244815
 10
766.566822351417
 20
404.6467839616474
 10
766.4574248514696
 20
404.7670319279277
 10
766.3531241199658
 20
404.8931559415864
 10
766.254118077275
 20
405.0249278208871
 10
766.1606046437676
 20
405.1621193840943
 10
766.0727817398139
 20
405.3045024494718
 10
765.990847285783
 20
405.4518488352835
 10
765.9149992020456
 20
405.6039303597934
 10
765.8454354089713
 20
405.7605188412657
 10
765.7823538269305
 20
405.9213860979644
 10
765.7259523762932
 20
406.0863039481534
 10
765.6764289774294
 20
406.2550442100969
 10
765.6339815507087
 20
406.4273787020586
 10
765.5988080165014
 20
406.6030792423028
 10
765.5711062951779
 20
406.7819176490933
 10
765.5510743071074
 20
406.9636657406939
 10
765.5389099726605
 20
407.1480953353692
 10
765.5348112122071
 20
407.3349782513829
  0
LWPOLYLINE
  5
18F0
330
10C0
100
AcDbEntity
  8
CAMADA_1
100
AcDbPolyline
 90
      132
 70
     1
 43
0.0
 10
595.4255850759737
 20
407.4964310899763
 10
595.4225278297092
 20
408.9386034644063
 10
595.4266265901626
 20
409.1254863804202
 10
595.4387909246093
 20
409.3099159750954
 10
595.4588229126797
 20
409.4916640666962
 10
595.4865246340034
 20
409.6705024734866
 10
595.5216981682106
 20
409.8462030137307
 10
595.5641455949313
 20
410.0185375056924
 10
595.6136689937951
 20
410.1872777676358
 10
595.6700704444324
 20
410.3521956178248
 10
595.7331520264733
 20
410.5130628745234
 10
595.8027158195473
 20
410.6696513559957
 10
595.8785639032848
 20
410.8217328805058
 10
595.9604983573155
 20
410.9690792663175
 10
596.0483212612696
 20
411.1114623316947
 10
596.141834694777
 20
411.2486538949019
 10
596.2408407374676
 20
411.3804257742028
 10
596.3451414689716
 20
411.5065497878613
 10
596.4545389689187
 20
411.6267977541416
 10
596.5688353169394
 20
411.7409414913077
 10
596.687832592663
 20
411.8487528176236
 10
596.8113328757199
 20
411.9500035513531
 10
596.9391382457399
 20
412.0444655107603
 10
597.0710507823532
 20
412.1319105141097
 10
597.2068725651898
 20
412.2121103796645
 10
597.3464056738795
 20
412.2848369256894
 10
597.4894521880523
 20
412.3498619704482
 10
597.6358141873383
 20
412.4069573322045
 10
597.7852937513675
 20
412.4558948292229
 10
597.9376929597697
 20
412.4964462797669
 10
598.0928138921749
 20
412.5283835021011
 10
598.2504586282134
 20
412.551478314489
 10
598.4104292475149
 20
412.5655025351949
 10
598.5725278297095
 20
412.5702279824825
 10
598.734626411904
 20
412.5655025351949
 10
598.8945970312055
 20
412.551478314489
 10
599.0522417672439
 20
412.5283835021011
 10
599.2073626996491
 20
412.4964462797669
 10
599.3597619080514
 20
412.4558948292229
 10
599.5092414720804
 20
412.4069573322045
 10
599.6556034713664
 20
412.3498619704482
 10
599.7986499855393
 20
412.2848369256894
 10
599.9381830942289
 20
412.2121103796645
 10
600.0740048770654
 20
412.1319105141097
 10
600.2059174136789
 20
412.0444655107603
 10
600.3337227836989
 20
411.9500035513531
 10
600.4572230667559
 20
411.8487528176236
 10
600.5762203424795
 20
411.7409414913077
 10
600.6905166904998
 20
411.6267977541416
 10
600.799914190447
 20
411.5065497878613
 10
600.904214921951
 20
411.3804257742028
 10
601.0032209646417
 20
411.2486538949019
 10
601.0967343981492
 20
411.1114623316947
 10
601.1845573021032
 20
410.9690792663175
 10
601.2664917561339
 20
410.8217328805058
 10
601.3423398398713
 20
410.6696513559957
 10
601.4119036329454
 20
410.5130628745234
 10
601.4749852149861
 20
410.3521956178248
 10
601.5313866656235
 20
410.1872777676358
 10
601.5809100644873
 20
410.0185375056924
 10
601.623357491208
 20
409.8462030137307
 10
601.6585310254153
 20
409.6705024734866
 10
601.6862327467389
 20
409.4916640666962
 10
601.7062647348093
 20
409.3099159750954
 10
601.7184290692561
 20
409.1254863804202
 10
601.7225278297095
 20
408.9386034644063
 10
601.7223474193217
 20
407.3742536217602
 10
601.7225278297095
 20
407.3349782513829
 10
601.7184290692561
 20
407.1480953353692
 10
601.7062647348093
 20
406.9636657406939
 10
601.6862327467389
 20
406.7819176490933
 10
601.6585310254153
 20
406.6030792423028
 10
601.623357491208
 20
406.4273787020586
 10
601.5809100644873
 20
406.2550442100969
 10
601.5313866656235
 20
406.0863039481534
 10
601.4749852149861
 20
405.9213860979644
 10
601.4119036329454
 20
405.7605188412657
 10
601.3423398398713
 20
405.6039303597934
 10
601.2664917561339
 20
405.4518488352835
 10
601.1845573021032
 20
405.3045024494718
 10
601.0967343981492
 20
405.1621193840943
 10
601.0032209646417
 20
405.0249278208871
 10
600.904214921951
 20
404.8931559415864
 10
600.799914190447
 20
404.7670319279277
 10
600.6905166904998
 20
404.6467839616474
 10
600.5762203424795
 20
404.5326402244815
 10
600.4572230667559
 20
404.4248288981656
 10
600.3337227836989
 20
404.323578164436
 10
600.2059174136789
 20
404.2291162050287
 10
600.0740048770654
 20
404.1416712016794
 10
599.9381830942289
 20
404.0614713361245
 10
599.7986499855393
 20
403.9887447900997
 10
599.6556034713664
 20
403.923719745341
 10
599.5092414720804
 20
403.8666243835845
 10
599.3597619080514
 20
403.8176868865662
 10
599.2073626996491
 20
403.7771354360221
 10
599.0522417672439
 20
403.7451982136881
 10
598.8945970312055
 20
403.7221034013001
 10
598.734626411904
 20
403.7080791805943
 10
598.5725278297095
 20
403.7033537333066
 10
598.4104292475149
 20
403.7080791805943
 10
598.2504586282134
 20
403.7221034013001
 10
598.0928138921749
 20
403.7451982136881
 10
597.9376929597697
 20
403.7771354360221
 10
597.7852937513675
 20
403.8176868865662
 10
597.6358141873383
 20
403.8666243835845
 10
597.4894521880523
 20
403.923719745341
 10
597.3464056738795
 20
403.9887447900997
 10
597.2068725651898
 20
404.0614713361245
 10
597.0710507823532
 20
404.1416712016794
 10
596.9391382457399
 20
404.2291162050287
 10
596.8113328757199
 20
404.323578164436
 10
596.687832592663
 20
404.4248288981656
 10
596.5688353169394
 20
404.5326402244815
 10
596.4545389689187
 20
404.6467839616474
 10
596.3451414689716
 20
404.7670319279277
 10
596.2408407374676
 20
404.8931559415864
 10
596.141834694777
 20
405.0249278208871
 10
596.0483212612696
 20
405.1621193840943
 10
595.9604983573155
 20
405.3045024494718
 10
595.8785639032848
 20
405.4518488352835
 10
595.8027158195473
 20
405.6039303597934
 10
595.7331520264733
 20
405.7605188412657
 10
595.6700704444324
 20
405.9213860979644
 10
595.6136689937951
 20
406.0863039481534
 10
595.5641455949313
 20
406.2550442100969
 10
595.5216981682106
 20
406.4273787020586
 10
595.4865246340034
 20
406.6030792423028
 10
595.4588229126797
 20
406.7819176490933
 10
595.4387909246093
 20
406.9636657406939
 10
595.4266265901626
 20
407.1480953353692
 10
595.4225278297092
 20
407.3349782513829
  0
LWPOLYLINE
  5
18F1
330
10C0
100
AcDbEntity
  8
CAMADA_1
100
AcDbPolyline
 90
      132
 70
     1
 43
0.0
 10
740.9704251118412
 20
348.4430320419207
 10
740.9673678655767
 20
349.885204416351
 10
740.9714666260302
 20
350.0720873323647
 10
740.983630960477
 20
350.25651692704
 10
741.0036629485475
 20
350.4382650186408
 10
741.0313646698711
 20
350.6171034254313
 10
741.0665382040783
 20
350.7928039656754
 10
741.108985630799
 20
350.9651384576371
 10
741.1585090296628
 20
351.1338787195804
 10
741.2149104803002
 20
351.2987965697694
 10
741.2779920623409
 20
351.459663826468
 10
741.3475558554152
 20
351.6162523079403
 10
741.4234039391526
 20
351.7683338324504
 10
741.5053383931834
 20
351.915680218262
 10
741.5931612971372
 20
352.0580632836394
 10
741.6866747306446
 20
352.1952548468465
 10
741.7856807733353
 20
352.3270267261473
 10
741.8899815048392
 20
352.4531507398059
 10
741.9993790047865
 20
352.5733987060862
 10
742.113675352807
 20
352.6875424432523
 10
742.2326726285308
 20
352.7953537695681
 10
742.3561729115877
 20
352.8966045032977
 10
742.4839782816079
 20
352.991066462705
 10
742.615890818221
 20
353.0785114660542
 10
742.7517126010575
 20
353.1587113316092
 10
742.8912457097472
 20
353.2314378776341
 10
743.0342922239201
 20
353.2964629223926
 10
743.180654223206
 20
353.3535582841491
 10
743.3301337872351
 20
353.4024957811674
 10
743.4825329956372
 20
353.4430472317116
 10
743.6376539280424
 20
353.4749844540456
 10
743.795298664081
 20
353.4980792664336
 10
743.9552692833824
 20
353.5121034871394
 10
744.117367865577
 20
353.5168289344271
 10
744.2794664477714
 20
353.5121034871394
 10
744.4394370670729
 20
353.4980792664336
 10
744.5970818031114
 20
353.4749844540456
 10
744.7522027355167
 20
353.4430472317116
 10
744.9046019439188
 20
353.4024957811674
 10
745.0540815079477
 20
353.3535582841491
 10
745.2004435072337
 20
353.2964629223926
 10
745.3434900214067
 20
353.2314378776341
 10
745.4830231300964
 20
353.1587113316092
 10
745.6188449129329
 20
353.0785114660542
 10
745.7507574495462
 20
352.991066462705
 10
745.8785628195663
 20
352.8966045032977
 10
746.0020631026232
 20
352.7953537695681
 10
746.1210603783468
 20
352.6875424432523
 10
746.2353567263672
 20
352.5733987060862
 10
746.3447542263146
 20
352.4531507398059
 10
746.4490549578185
 20
352.3270267261473
 10
746.5480610005092
 20
352.1952548468465
 10
746.6415744340166
 20
352.0580632836394
 10
746.7293973379705
 20
351.915680218262
 10
746.8113317920012
 20
351.7683338324504
 10
746.8871798757389
 20
351.6162523079403
 10
746.9567436688127
 20
351.459663826468
 10
747.0198252508538
 20
351.2987965697694
 10
747.0762267014911
 20
351.1338787195804
 10
747.1257501003549
 20
350.9651384576371
 10
747.1681975270755
 20
350.7928039656754
 10
747.2033710612828
 20
350.6171034254313
 10
747.2310727826064
 20
350.4382650186408
 10
747.2511047706769
 20
350.25651692704
 10
747.2632691051238
 20
350.0720873323647
 10
747.2673678655771
 20
349.885204416351
 10
747.2671874551894
 20
348.3208545737048
 10
747.2673678655771
 20
348.2815792033276
 10
747.2632691051238
 20
348.0946962873139
 10
747.2511047706769
 20
347.9102666926386
 10
747.2310727826064
 20
347.7285186010378
 10
747.2033710612828
 20
347.5496801942473
 10
747.1681975270755
 20
347.3739796540032
 10
747.1257501003549
 20
347.2016451620415
 10
747.0762267014911
 20
347.0329049000981
 10
747.0198252508538
 20
346.8679870499091
 10
746.9567436688127
 20
346.7071197932104
 10
746.8871798757389
 20
346.550531311738
 10
746.8113317920012
 20
346.3984497872281
 10
746.7293973379705
 20
346.2511034014164
 10
746.6415744340166
 20
346.1087203360389
 10
746.5480610005092
 20
345.9715287728318
 10
746.4490549578185
 20
345.8397568935311
 10
746.3447542263146
 20
345.7136328798724
 10
746.2353567263672
 20
345.5933849135921
 10
746.1210603783468
 20
345.4792411764262
 10
746.0020631026232
 20
345.3714298501102
 10
745.8785628195663
 20
345.2701791163806
 10
745.7507574495462
 20
345.1757171569734
 10
745.6188449129329
 20
345.0882721536241
 10
745.4830231300964
 20
345.0080722880692
 10
745.3434900214067
 20
344.9353457420443
 10
745.2004435072337
 20
344.8703206972856
 10
745.0540815079477
 20
344.8132253355292
 10
744.9046019439188
 20
344.7642878385109
 10
744.7522027355167
 20
344.7237363879667
 10
744.5970818031114
 20
344.6917991656327
 10
744.4394370670729
 20
344.6687043532447
 10
744.2794664477714
 20
344.6546801325389
 10
744.117367865577
 20
344.6499546852511
 10
743.9552692833824
 20
344.6546801325389
 10
743.795298664081
 20
344.6687043532447
 10
743.6376539280424
 20
344.6917991656327
 10
743.4825329956372
 20
344.7237363879667
 10
743.3301337872351
 20
344.7642878385109
 10
743.180654223206
 20
344.8132253355292
 10
743.0342922239201
 20
344.8703206972856
 10
742.8912457097472
 20
344.9353457420443
 10
742.7517126010575
 20
345.0080722880692
 10
742.615890818221
 20
345.0882721536241
 10
742.4839782816079
 20
345.1757171569734
 10
742.3561729115877
 20
345.2701791163806
 10
742.2326726285308
 20
345.3714298501102
 10
742.113675352807
 20
345.4792411764262
 10
741.9993790047865
 20
345.5933849135921
 10
741.8899815048392
 20
345.7136328798724
 10
741.7856807733353
 20
345.8397568935311
 10
741.6866747306446
 20
345.9715287728318
 10
741.5931612971372
 20
346.1087203360389
 10
741.5053383931834
 20
346.2511034014164
 10
741.4234039391526
 20
346.3984497872281
 10
741.3475558554152
 20
346.550531311738
 10
741.2779920623409
 20
346.7071197932104
 10
741.2149104803002
 20
346.8679870499091
 10
741.1585090296628
 20
347.0329049000981
 10
741.108985630799
 20
347.2016451620415
 10
741.0665382040783
 20
347.3739796540032
 10
741.0313646698711
 20
347.5496801942473
 10
741.0036629485475
 20
347.7285186010378
 10
740.983630960477
 20
347.9102666926386
 10
740.9714666260302
 20
348.0946962873139
 10
740.9673678655767
 20
348.2815792033276
  0
LWPOLYLINE
  5
18F2
330
10C0
100
AcDbEntity
  8
CAMADA_1
100
AcDbPolyline
 90
      132
 70
     1
 43
0.0
 10
620.0633221196312
 20
348.4430081940924
 10
620.0602648733666
 20
349.8851805685226
 10
620.06436363382
 20
350.0720634845363
 10
620.076527968267
 20
350.2564930792117
 10
620.0965599563373
 20
350.4382411708124
 10
620.124261677661
 20
350.6170795776029
 10
620.1594352118682
 20
350.792780117847
 10
620.2018826385888
 20
350.9651146098087
 10
620.2514060374527
 20
351.133854871752
 10
620.3078074880902
 20
351.2987727219411
 10
620.3708890701308
 20
351.4596399786397
 10
620.440452863205
 20
351.616228460112
 10
620.5163009469423
 20
351.7683099846221
 10
620.5982354009732
 20
351.9156563704337
 10
620.6860583049271
 20
352.0580394358112
 10
620.7795717384344
 20
352.1952309990182
 10
620.8785777811254
 20
352.3270028783191
 10
620.9828785126291
 20
352.4531268919776
 10
621.0922760125763
 20
352.5733748582579
 10
621.2065723605968
 20
352.6875185954239
 10
621.3255696363205
 20
352.7953299217398
 10
621.4490699193775
 20
352.8965806554694
 10
621.5768752893977
 20
352.9910426148767
 10
621.7087878260109
 20
353.0784876182258
 10
621.8446096088475
 20
353.1586874837809
 10
621.984142717537
 20
353.2314140298057
 10
622.1271892317099
 20
353.2964390745643
 10
622.2735512309959
 20
353.3535344363207
 10
622.4230307950249
 20
353.402471933339
 10
622.5754300034273
 20
353.4430233838833
 10
622.7305509358325
 20
353.4749606062173
 10
622.8881956718709
 20
353.4980554186052
 10
623.0481662911724
 20
353.512079639311
 10
623.210264873367
 20
353.5168050865988
 10
623.3723634555615
 20
353.512079639311
 10
623.532334074863
 20
353.4980554186052
 10
623.6899788109014
 20
353.4749606062173
 10
623.8450997433067
 20
353.4430233838833
 10
623.9974989517089
 20
353.402471933339
 10
624.146978515738
 20
353.3535344363207
 10
624.293340515024
 20
353.2964390745643
 10
624.4363870291968
 20
353.2314140298057
 10
624.5759201378864
 20
353.1586874837809
 10
624.7117419207229
 20
353.0784876182258
 10
624.8436544573362
 20
352.9910426148767
 10
624.9714598273563
 20
352.8965806554694
 10
625.0949601104132
 20
352.7953299217398
 10
625.213957386137
 20
352.6875185954239
 10
625.3282537341573
 20
352.5733748582579
 10
625.4376512341045
 20
352.4531268919776
 10
625.5419519656085
 20
352.3270028783191
 10
625.6409580082991
 20
352.1952309990182
 10
625.7344714418065
 20
352.0580394358112
 10
625.8222943457606
 20
351.9156563704337
 10
625.9042287997915
 20
351.7683099846221
 10
625.9800768835288
 20
351.616228460112
 10
626.049640676603
 20
351.4596399786397
 10
626.1127222586436
 20
351.2987727219411
 10
626.1691237092809
 20
351.133854871752
 10
626.218647108145
 20
350.9651146098087
 10
626.2610945348655
 20
350.792780117847
 10
626.2962680690727
 20
350.6170795776029
 10
626.3239697903964
 20
350.4382411708124
 10
626.3440017784668
 20
350.2564930792117
 10
626.3561661129135
 20
350.0720634845363
 10
626.360264873367
 20
349.8851805685226
 10
626.3600844629793
 20
348.3208307258765
 10
626.360264873367
 20
348.2815553554992
 10
626.3561661129135
 20
348.0946724394855
 10
626.3440017784668
 20
347.9102428448102
 10
626.3239697903964
 20
347.7284947532094
 10
626.2962680690727
 20
347.5496563464188
 10
626.2610945348655
 20
347.3739558061749
 10
626.218647108145
 20
347.2016213142131
 10
626.1691237092809
 20
347.0328810522697
 10
626.1127222586436
 20
346.8679632020807
 10
626.049640676603
 20
346.707095945382
 10
625.9800768835288
 20
346.5505074639097
 10
625.9042287997915
 20
346.3984259393997
 10
625.8222943457606
 20
346.2510795535881
 10
625.7344714418065
 20
346.1086964882106
 10
625.6409580082991
 20
345.9715049250035
 10
625.5419519656085
 20
345.8397330457026
 10
625.4376512341045
 20
345.7136090320442
 10
625.3282537341573
 20
345.5933610657637
 10
625.213957386137
 20
345.4792173285977
 10
625.0949601104132
 20
345.3714060022818
 10
624.9714598273563
 20
345.2701552685522
 10
624.8436544573362
 20
345.1756933091449
 10
624.7117419207229
 20
345.0882483057957
 10
624.5759201378864
 20
345.0080484402407
 10
624.4363870291968
 20
344.9353218942158
 10
624.293340515024
 20
344.8702968494573
 10
624.146978515738
 20
344.8132014877009
 10
623.9974989517089
 20
344.7642639906826
 10
623.8450997433067
 20
344.7237125401384
 10
623.6899788109014
 20
344.6917753178043
 10
623.532334074863
 20
344.6686805054164
 10
623.3723634555615
 20
344.6546562847106
 10
623.210264873367
 20
344.6499308374229
 10
623.0481662911724
 20
344.6546562847106
 10
622.8881956718709
 20
344.6686805054164
 10
622.7305509358325
 20
344.6917753178043
 10
622.5754300034273
 20
344.7237125401384
 10
622.4230307950249
 20
344.7642639906826
 10
622.2735512309959
 20
344.8132014877009
 10
622.1271892317099
 20
344.8702968494573
 10
621.984142717537
 20
344.9353218942158
 10
621.8446096088475
 20
345.0080484402407
 10
621.7087878260109
 20
345.0882483057957
 10
621.5768752893977
 20
345.1756933091449
 10
621.4490699193775
 20
345.2701552685522
 10
621.3255696363205
 20
345.3714060022818
 10
621.2065723605968
 20
345.4792173285977
 10
621.0922760125763
 20
345.5933610657637
 10
620.9828785126291
 20
345.7136090320442
 10
620.8785777811254
 20
345.8397330457026
 10
620.7795717384344
 20
345.9715049250035
 10
620.6860583049271
 20
346.1086964882106
 10
620.5982354009732
 20
346.2510795535881
 10
620.5163009469423
 20
346.3984259393997
 10
620.440452863205
 20
346.5505074639097
 10
620.3708890701308
 20
346.707095945382
 10
620.3078074880902
 20
346.8679632020807
 10
620.2514060374527
 20
347.0328810522697
 10
620.2018826385888
 20
347.2016213142131
 10
620.1594352118682
 20
347.3739558061749
 10
620.124261677661
 20
347.5496563464188
 10
620.0965599563373
 20
347.7284947532094
 10
620.076527968267
 20
347.9102428448102
 10
620.06436363382
 20
348.0946724394855
 10
620.0602648733666
 20
348.2815553554992
  0
LWPOLYLINE
  5
18F3
330
10C0
100
AcDbEntity
  8
CAMADA_1
100
AcDbPolyline
 90
       32
 70
     1
 43
0.0
 10
748.1702959761312
 20
556.534182917001
 10
748.1702959761312
 20
549.1137984569973
 10
768.6702959761312
 20
549.1137984569972
 10
768.6702959761312
 20
575.4598076352644
 10
768.6702959761312
 20
575.4598076352644
 10
703.9329741498993
 20
596.2825468034587
 10
703.9202959761309
 20
596.2844716768411
 10
703.9202959761309
 20
602.4023955556474
 10
693.6702959761309
 20
607.386226579505
 10
693.6702959761309
 20
626.5
 10
673.6702959761309
 20
626.5
 10
673.6702959761309
 20
607.409529214068
 10
663.420295976131
 20
602.4014515061959
 10
663.420295976131
 20
596.2844716768411
 10
663.4100322649548
 20
596.2829133851456
 10
598.6702959761312
 20
575.4598076352644
 10
598.6702959761312
 20
575.4598076352644
 10
598.6702959761312
 20
549.1137984569972
 10
619.1702959761309
 20
549.1096920569495
 10
619.1702959761309
 20
553.4586737770525
 10
619.1702959761309
 20
563.9545673770044
 10
638.4728719333893
 20
563.9545673770047
 10
638.4728719333893
 20
560.6628301653783
 10
653.4728719333893
 20
560.6628301653783
 10
653.4728719333875
 20
563.9545673770044
 10
673.6702959761309
 20
583.295773830687
 10
693.6702959761309
 20
583.2972167293026
 10
713.9719837106643
 20
563.9545673770044
 10
713.9719837106656
 20
560.6871201769706
 10
728.9719837106656
 20
560.6871201769706
 10
728.9719837106614
 20
563.9545673770051
 10
748.1702959761312
 20
563.9545673770044
  0
LWPOLYLINE
  5
18F4
330
10C0
100
AcDbEntity
  8
CAMADA_1
100
AcDbPolyline
 90
        2
 70
     1
 43
0.0
 10
758.6702959761315
 20
453.6303075653216
 10
758.6702959761315
 20
453.6379959246827
  0
LWPOLYLINE
  5
18F5
330
10C0
100
AcDbEntity
  8
CAMADA_1
100
AcDbPolyline
 90
       12
 70
     1
 43
0.0
 10
656.0470588875671
 20
443.6100893814383
 10
711.0470588874847
 20
443.6100893814383
 10
758.6702959761315
 20
443.6100893814383
 10
758.6702959761315
 20
463.6379959246826
 10
747.1704853654062
 20
474.1226192059618
 10
747.1702959761312
 20
521.7330208144098
 10
620.170295976131
 20
521.7330208144098
 10
620.170295976131
 20
474.1227636899711
 10
608.6702959761306
 20
463.6379816307472
 10
608.6702959761306
 20
453.6379959246814
 10
608.6702959761306
 20
453.6303075653216
 10
608.6702959761306
 20
443.6100893814383
  0
LWPOLYLINE
  5
18F6
330
10C0
100
AcDbEntity
  8
CAMADA_1
100
AcDbPolyline
 90
       33
 70
     1
 43
0.0
 10
758.8705183625502
 20
417.9999834789824
 10
778.6702959761312
 20
418.0
 10
778.6702959761312
 20
370.0536469908928
 10
753.6702959761312
 20
363.0533988187191
 10
753.6702959761312
 20
339.9744266229334
 10
713.6703327119729
 20
339.9744266229334
 10
713.6703327119731
 20
305.0109324738355
 10
713.6703327119731
 20
301.0109324738355
 10
653.6703327119729
 20
301.0109324738355
 10
653.6703327119729
 20
305.0109324738355
 10
653.6703327119729
 20
339.9744266229334
 10
613.670295976131
 20
339.9744266229334
 10
613.670295976131
 20
363.0535294116769
 10
588.670295976131
 20
370.0533154984378
 10
588.670295976131
 20
418.0
 10
608.1722986704059
 20
417.9999834789824
 10
608.167910907736
 20
417.9999669579649
 10
608.167910907736
 20
377.999966957965
 10
633.167910907736
 20
377.999966957965
 10
633.1679109077362
 20
403.0307821194786
 10
638.420332711973
 20
403.0307821194781
 10
638.420295976131
 20
404.7031757478099
 10
638.420259240289
 20
406.3755693761417
 10
653.4232157145704
 20
406.3755693761417
 10
653.4232157145686
 20
403.0307821194781
 10
713.9197713419173
 20
403.0307821194781
 10
713.9197713419187
 20
406.3755693761427
 10
728.9202959761309
 20
406.3755693761417
 10
728.9202984848743
 20
403.0307821194781
 10
734.015528876437
 20
403.0307821194781
 10
734.0155288764373
 20
377.999966957965
 10
759.0155288764385
 20
377.999966957965
 10
759.0155288764385
 20
417.9999669579649
  0
CIRCLE
  5
18F7
330
10C0
100
AcDbEntity
  8
0
100
AcDbCircle
 10
683.9119359300151
 20
324.85
 30
0.0
 40
13.0
  0
CIRCLE
  5
18F8
330
10C0
100
AcDbEntity
  8
0
100
AcDbCircle
 10
668.3219359300151
 20
309.26
 30
0.0
 40
2.5
  0
CIRCLE
  5
18F9
330
10C0
100
AcDbEntity
  8
0
100
AcDbCircle
 10
668.3219359300151
 20
340.35
 30
0.0
 40
2.5
  0
CIRCLE
  5
18FA
330
10C0
100
AcDbEntity
  8
0
100
AcDbCircle
 10
699.5019359300151
 20
340.35
 30
0.0
 40
2.5
  0
CIRCLE
  5
18FB
330
10C0
100
AcDbEntity
  8
0
100
AcDbCircle
 10
699.5019359300151
 20
309.26
 30
0.0
 40
2.5
  0
LWPOLYLINE
  5
18FC
330
10C0
100
AcDbEntity
  8
CAMADA_1
100
AcDbPolyline
 90
      132
 70
     1
 43
0.0
 10
617.07997600035
 20
453.3222025778861
 10
617.0769187540856
 20
454.7643749523163
 10
617.081017514539
 20
454.95125786833
 10
617.0931818489858
 20
455.1356874630052
 10
617.1132138370563
 20
455.317435554606
 10
617.1409155583798
 20
455.4962739613966
 10
617.176089092587
 20
455.6719745016406
 10
617.2185365193077
 20
455.8443089936022
 10
617.2680599181717
 20
456.0130492555456
 10
617.3244613688089
 20
456.1779671057347
 10
617.3875429508496
 20
456.3388343624334
 10
617.4571067439238
 20
456.4954228439057
 10
617.5329548276613
 20
456.6475043684158
 10
617.614889281692
 20
456.7948507542273
 10
617.702712185646
 20
456.9372338196047
 10
617.7962256191535
 20
457.0744253828118
 10
617.8952316618441
 20
457.2061972621126
 10
617.999532393348
 20
457.3323212757713
 10
618.1089298932952
 20
457.4525692420515
 10
618.2232262413158
 20
457.5667129792176
 10
618.3422235170394
 20
457.6745243055334
 10
618.4657238000964
 20
457.7757750392631
 10
618.5935291701165
 20
457.8702369986703
 10
618.72544170673
 20
457.9576820020196
 10
618.8612634895663
 20
458.0378818675746
 10
619.000796598256
 20
458.1106084135994
 10
619.1438431124288
 20
458.1756334583579
 10
619.2902051117148
 20
458.2327288201143
 10
619.439684675744
 20
458.2816663171326
 10
619.5920838841462
 20
458.3222177676768
 10
619.7472048165515
 20
458.354154990011
 10
619.9048495525898
 20
458.3772498023988
 10
620.0648201718913
 20
458.3912740231046
 10
620.226918754086
 20
458.3959994703923
 10
620.3890173362805
 20
458.3912740231046
 10
620.5489879555819
 20
458.3772498023988
 10
620.7066326916203
 20
458.354154990011
 10
620.8617536240256
 20
458.3222177676768
 10
621.0141528324279
 20
458.2816663171326
 10
621.1636323964569
 20
458.2327288201143
 10
621.3099943957429
 20
458.1756334583579
 10
621.4530409099157
 20
458.1106084135994
 10
621.5925740186055
 20
458.0378818675746
 10
621.728395801442
 20
457.9576820020196
 10
621.8603083380553
 20
457.8702369986703
 10
621.9881137080753
 20
457.7757750392631
 10
622.1116139911323
 20
457.6745243055334
 10
622.2306112668559
 20
457.5667129792176
 10
622.3449076148763
 20
457.4525692420515
 10
622.4543051148234
 20
457.3323212757713
 10
622.5586058463274
 20
457.2061972621126
 10
622.6576118890181
 20
457.0744253828118
 10
622.7511253225254
 20
456.9372338196047
 10
622.8389482264795
 20
456.7948507542273
 10
622.9208826805104
 20
456.6475043684158
 10
622.9967307642477
 20
456.4954228439057
 10
623.0662945573219
 20
456.3388343624334
 10
623.1293761393626
 20
456.1779671057347
 10
623.18577759
 20
456.0130492555456
 10
623.2353009888639
 20
455.8443089936022
 10
623.2777484155844
 20
455.6719745016406
 10
623.3129219497916
 20
455.4962739613966
 10
623.3406236711153
 20
455.317435554606
 10
623.3606556591857
 20
455.1356874630052
 10
623.3728199936325
 20
454.95125786833
 10
623.376918754086
 20
454.7643749523163
 10
623.3767383436982
 20
453.2000251096702
 10
623.376918754086
 20
453.1607497392928
 10
623.3728199936325
 20
452.9738668232791
 10
623.3606556591857
 20
452.7894372286039
 10
623.3406236711153
 20
452.607689137003
 10
623.3129219497916
 20
452.4288507302125
 10
623.2777484155844
 20
452.2531501899683
 10
623.2353009888639
 20
452.0808156980066
 10
623.18577759
 20
451.9120754360634
 10
623.1293761393626
 20
451.7471575858743
 10
623.0662945573219
 20
451.5862903291757
 10
622.9967307642477
 20
451.4297018477034
 10
622.9208826805104
 20
451.2776203231933
 10
622.8389482264795
 20
451.1302739373816
 10
622.7511253225254
 20
450.9878908720042
 10
622.6576118890181
 20
450.8506993087971
 10
622.5586058463274
 20
450.7189274294963
 10
622.4543051148234
 20
450.5928034158377
 10
622.3449076148763
 20
450.4725554495573
 10
622.2306112668559
 20
450.3584117123913
 10
622.1116139911323
 20
450.2506003860755
 10
621.9881137080753
 20
450.1493496523458
 10
621.8603083380553
 20
450.0548876929386
 10
621.728395801442
 20
449.9674426895892
 10
621.5925740186055
 20
449.8872428240343
 10
621.4530409099157
 20
449.8145162780097
 10
621.3099943957429
 20
449.749491233251
 10
621.1636323964569
 20
449.6923958714946
 10
621.0141528324279
 20
449.6434583744763
 10
620.8617536240256
 20
449.602906923932
 10
620.7066326916203
 20
449.5709697015979
 10
620.5489879555819
 20
449.5478748892101
 10
620.3890173362805
 20
449.5338506685043
 10
620.226918754086
 20
449.5291252212165
 10
620.0648201718913
 20
449.5338506685043
 10
619.9048495525898
 20
449.5478748892101
 10
619.7472048165515
 20
449.5709697015979
 10
619.5920838841462
 20
449.602906923932
 10
619.439684675744
 20
449.6434583744763
 10
619.2902051117148
 20
449.6923958714946
 10
619.1438431124288
 20
449.749491233251
 10
619.000796598256
 20
449.8145162780097
 10
618.8612634895663
 20
449.8872428240343
 10
618.72544170673
 20
449.9674426895892
 10
618.5935291701165
 20
450.0548876929386
 10
618.4657238000964
 20
450.1493496523458
 10
618.3422235170394
 20
450.2506003860755
 10
618.2232262413158
 20
450.3584117123913
 10
618.1089298932952
 20
450.4725554495573
 10
617.999532393348
 20
450.5928034158377
 10
617.8952316618441
 20
450.7189274294963
 10
617.7962256191535
 20
450.8506993087971
 10
617.702712185646
 20
450.9878908720042
 10
617.614889281692
 20
451.1302739373816
 10
617.5329548276613
 20
451.2776203231933
 10
617.4571067439238
 20
451.4297018477034
 10
617.3875429508496
 20
451.5862903291757
 10
617.3244613688089
 20
451.7471575858743
 10
617.2680599181717
 20
451.9120754360634
 10
617.2185365193077
 20
452.0808156980066
 10
617.176089092587
 20
452.2531501899683
 10
617.1409155583798
 20
452.4288507302125
 10
617.1132138370563
 20
452.607689137003
 10
617.0931818489858
 20
452.7894372286039
 10
617.081017514539
 20
452.9738668232791
 10
617.0769187540856
 20
453.1607497392928
  0
LINE
  5
18FF
330
10C0
100
AcDbEntity
  8
0
100
AcDbLine
 10
620.170295976131
 20
521.7330208144098
 30
0.0
 11
620.170295976131
 21
494.5
 31
0.0
  0
LWPOLYLINE
  5
1900
330
10C0
100
AcDbEntity
  8
CAMADA_1
100
AcDbPolyline
 90
      132
 70
     1
 43
0.0
 10
680.5233532223954
 20
487.1006148121655
 10
680.5202959761309
 20
488.5427871865956
 10
680.5243947365843
 20
488.7296701026094
 10
680.5365590710311
 20
488.9140996972847
 10
680.5565910591014
 20
489.0958477888856
 10
680.5842927804254
 20
489.2746861956761
 10
680.6194663146325
 20
489.4503867359202
 10
680.661913741353
 20
489.6227212278819
 10
680.7114371402169
 20
489.7914614898252
 10
680.7678385908543
 20
489.9563793400142
 10
680.830920172895
 20
490.1172465967127
 10
680.9004839659692
 20
490.2738350781851
 10
680.9763320497065
 20
490.4259166026952
 10
681.0582665037372
 20
490.5732629885069
 10
681.1460894076915
 20
490.7156460538842
 10
681.2396028411987
 20
490.8528376170912
 10
681.3386088838894
 20
490.9846094963921
 10
681.4429096153935
 20
491.1107335100506
 10
681.5523071153407
 20
491.230981476331
 10
681.6666034633611
 20
491.345125213497
 10
681.7856007390848
 20
491.452936539813
 10
681.9091010221418
 20
491.5541872735425
 10
682.0369063921618
 20
491.6486492329499
 10
682.1688189287751
 20
491.7360942362992
 10
682.3046407116116
 20
491.8162941018541
 10
682.4441738203013
 20
491.8890206478788
 10
682.5872203344742
 20
491.9540456926374
 10
682.73358233376
 20
492.0111410543938
 10
682.8830618977892
 20
492.0600785514123
 10
683.0354611061913
 20
492.1006300019563
 10
683.1905820385968
 20
492.1325672242903
 10
683.3482267746354
 20
492.1556620366783
 10
683.5081973939366
 20
492.1696862573842
 10
683.6702959761312
 20
492.1744117046719
 10
683.8323945583258
 20
492.1696862573842
 10
683.9923651776273
 20
492.1556620366783
 10
684.1500099136656
 20
492.1325672242903
 10
684.305130846071
 20
492.1006300019563
 10
684.4575300544732
 20
492.0600785514123
 10
684.6070096185022
 20
492.0111410543938
 10
684.7533716177882
 20
491.9540456926374
 10
684.8964181319611
 20
491.8890206478788
 10
685.0359512406507
 20
491.8162941018541
 10
685.1717730234873
 20
491.7360942362992
 10
685.3036855601005
 20
491.6486492329499
 10
685.4314909301206
 20
491.5541872735425
 10
685.5549912131776
 20
491.452936539813
 10
685.6739884889012
 20
491.345125213497
 10
685.7882848369216
 20
491.230981476331
 10
685.8976823368688
 20
491.1107335100506
 10
686.0019830683728
 20
490.9846094963921
 10
686.1009891110635
 20
490.8528376170912
 10
686.1945025445709
 20
490.7156460538842
 10
686.2823254485249
 20
490.5732629885069
 10
686.3642599025557
 20
490.4259166026952
 10
686.4401079862932
 20
490.2738350781851
 10
686.5096717793672
 20
490.1172465967127
 10
686.5727533614079
 20
489.9563793400142
 10
686.6291548120452
 20
489.7914614898252
 10
686.6786782109093
 20
489.6227212278819
 10
686.7211256376298
 20
489.4503867359202
 10
686.756299171837
 20
489.2746861956761
 10
686.7840008931607
 20
489.0958477888856
 10
686.8040328812311
 20
488.9140996972847
 10
686.816197215678
 20
488.7296701026094
 10
686.8202959761313
 20
488.5427871865956
 10
686.8201155657435
 20
486.9784373439496
 10
686.8202959761313
 20
486.9391619735723
 10
686.816197215678
 20
486.7522790575586
 10
686.8040328812311
 20
486.5678494628833
 10
686.7840008931607
 20
486.3861013712825
 10
686.756299171837
 20
486.2072629644919
 10
686.7211256376298
 20
486.031562424248
 10
686.6786782109093
 20
485.8592279322862
 10
686.6291548120452
 20
485.6904876703429
 10
686.5727533614079
 20
485.5255698201538
 10
686.5096717793672
 20
485.364702563455
 10
686.4401079862932
 20
485.2081140819827
 10
686.3642599025557
 20
485.0560325574726
 10
686.2823254485249
 20
484.9086861716609
 10
686.1945025445709
 20
484.7663031062836
 10
686.1009891110635
 20
484.6291115430765
 10
686.0019830683728
 20
484.4973396637757
 10
685.8976823368688
 20
484.3712156501172
 10
685.7882848369216
 20
484.2509676838368
 10
685.6739884889012
 20
484.1368239466709
 10
685.5549912131776
 20
484.0290126203549
 10
685.4314909301206
 20
483.9277618866252
 10
685.3036855601005
 20
483.8332999272179
 10
685.1717730234873
 20
483.7458549238688
 10
685.0359512406507
 20
483.6656550583138
 10
684.8964181319611
 20
483.5929285122889
 10
684.7533716177882
 20
483.5279034675304
 10
684.6070096185022
 20
483.470808105774
 10
684.4575300544732
 20
483.4218706087556
 10
684.305130846071
 20
483.3813191582115
 10
684.1500099136656
 20
483.3493819358775
 10
683.9923651776273
 20
483.3262871234896
 10
683.8323945583258
 20
483.3122629027837
 10
683.6702959761312
 20
483.307537455496
 10
683.5081973939366
 20
483.3122629027837
 10
683.3482267746354
 20
483.3262871234896
 10
683.1905820385968
 20
483.3493819358775
 10
683.0354611061913
 20
483.3813191582115
 10
682.8830618977892
 20
483.4218706087556
 10
682.73358233376
 20
483.470808105774
 10
682.5872203344742
 20
483.5279034675304
 10
682.4441738203013
 20
483.5929285122889
 10
682.3046407116116
 20
483.6656550583138
 10
682.1688189287751
 20
483.7458549238688
 10
682.0369063921618
 20
483.8332999272179
 10
681.9091010221418
 20
483.9277618866252
 10
681.7856007390848
 20
484.0290126203549
 10
681.6666034633611
 20
484.1368239466709
 10
681.5523071153407
 20
484.2509676838368
 10
681.4429096153935
 20
484.3712156501172
 10
681.3386088838894
 20
484.4973396637757
 10
681.2396028411987
 20
484.6291115430765
 10
681.1460894076915
 20
484.7663031062836
 10
681.0582665037372
 20
484.9086861716609
 10
680.9763320497065
 20
485.0560325574726
 10
680.9004839659692
 20
485.2081140819827
 10
680.830920172895
 20
485.364702563455
 10
680.7678385908543
 20
485.5255698201538
 10
680.7114371402169
 20
485.6904876703429
 10
680.661913741353
 20
485.8592279322862
 10
680.6194663146325
 20
486.031562424248
 10
680.5842927804254
 20
486.2072629644919
 10
680.5565910591014
 20
486.3861013712825
 10
680.5365590710311
 20
486.5678494628833
 10
680.5243947365843
 20
486.7522790575586
 10
680.5202959761309
 20
486.9391619735723
  0
LWPOLYLINE
  5
1901
330
10C0
100
AcDbEntity
  8
CAMADA_1
100
AcDbPolyline
 90
      132
 70
     1
 43
0.0
 10
680.3107932814248
 20
462.7638253316408
 10
680.3077360351602
 20
464.205997706071
 10
680.3118347956136
 20
464.3928806220847
 10
680.3239991300605
 20
464.5773102167601
 10
680.3440311181308
 20
464.7590583083609
 10
680.3717328394546
 20
464.9378967151514
 10
680.4069063736618
 20
465.1135972553955
 10
680.4493538003823
 20
465.2859317473573
 10
680.4988771992462
 20
465.4546720093005
 10
680.5552786498837
 20
465.6195898594895
 10
680.6183602319244
 20
465.7804571161881
 10
680.6879240249985
 20
465.9370455976604
 10
680.7637721087359
 20
466.0891271221705
 10
680.8457065627666
 20
466.2364735079822
 10
680.9335294667208
 20
466.3788565733596
 10
681.0270429002281
 20
466.5160481365666
 10
681.1260489429188
 20
466.6478200158675
 10
681.2303496744228
 20
466.7739440295259
 10
681.33974717437
 20
466.8941919958064
 10
681.4540435223904
 20
467.0083357329724
 10
681.5730407981142
 20
467.1161470592883
 10
681.6965410811711
 20
467.2173977930178
 10
681.8243464511912
 20
467.3118597524253
 10
681.9562589878045
 20
467.3993047557745
 10
682.092080770641
 20
467.4795046213294
 10
682.2316138793306
 20
467.5522311673542
 10
682.3746603935035
 20
467.6172562121128
 10
682.5210223927894
 20
467.6743515738691
 10
682.6705019568186
 20
467.7232890708876
 10
682.8229011652207
 20
467.7638405214317
 10
682.9780220976261
 20
467.7957777437657
 10
683.1356668336646
 20
467.8188725561536
 10
683.2956374529659
 20
467.8328967768595
 10
683.4577360351605
 20
467.8376222241472
 10
683.6198346173552
 20
467.8328967768595
 10
683.7798052366566
 20
467.8188725561536
 10
683.9374499726949
 20
467.7957777437657
 10
684.0925709051004
 20
467.7638405214317
 10
684.2449701135024
 20
467.7232890708876
 10
684.3944496775316
 20
467.6743515738691
 10
684.5408116768176
 20
467.6172562121128
 10
684.6838581909905
 20
467.5522311673542
 10
684.8233912996801
 20
467.4795046213294
 10
684.9592130825166
 20
467.3993047557745
 10
685.0911256191299
 20
467.3118597524253
 10
685.21893098915
 20
467.2173977930178
 10
685.3424312722069
 20
467.1161470592883
 10
685.4614285479306
 20
467.0083357329724
 10
685.575724895951
 20
466.8941919958064
 10
685.6851223958982
 20
466.7739440295259
 10
685.7894231274022
 20
466.6478200158675
 10
685.8884291700928
 20
466.5160481365666
 10
685.9819426036002
 20
466.3788565733596
 10
686.0697655075543
 20
466.2364735079822
 10
686.1516999615851
 20
466.0891271221705
 10
686.2275480453225
 20
465.9370455976604
 10
686.2971118383966
 20
465.7804571161881
 10
686.3601934204373
 20
465.6195898594895
 10
686.4165948710746
 20
465.4546720093005
 10
686.4661182699386
 20
465.2859317473573
 10
686.5085656966591
 20
465.1135972553955
 10
686.5437392308664
 20
464.9378967151514
 10
686.57144095219
 20
464.7590583083609
 10
686.5914729402605
 20
464.5773102167601
 10
686.6036372747073
 20
464.3928806220847
 10
686.6077360351606
 20
464.205997706071
 10
686.6075556247729
 20
462.6416478634249
 10
686.6077360351606
 20
462.6023724930477
 10
686.6036372747073
 20
462.415489577034
 10
686.5914729402605
 20
462.2310599823586
 10
686.57144095219
 20
462.0493118907578
 10
686.5437392308664
 20
461.8704734839673
 10
686.5085656966591
 20
461.6947729437233
 10
686.4661182699386
 20
461.5224384517615
 10
686.4165948710746
 20
461.3536981898183
 10
686.3601934204373
 20
461.1887803396292
 10
686.2971118383966
 20
461.0279130829304
 10
686.2275480453225
 20
460.871324601458
 10
686.1516999615851
 20
460.719243076948
 10
686.0697655075543
 20
460.5718966911362
 10
685.9819426036002
 20
460.4295136257589
 10
685.8884291700928
 20
460.2923220625519
 10
685.7894231274022
 20
460.160550183251
 10
685.6851223958982
 20
460.0344261695925
 10
685.575724895951
 20
459.9141782033122
 10
685.4614285479306
 20
459.8000344661462
 10
685.3424312722069
 20
459.6922231398302
 10
685.21893098915
 20
459.5909724061006
 10
685.0911256191299
 20
459.4965104466933
 10
684.9592130825166
 20
459.4090654433442
 10
684.8233912996801
 20
459.3288655777891
 10
684.6838581909905
 20
459.2561390317642
 10
684.5408116768176
 20
459.1911139870058
 10
684.3944496775316
 20
459.1340186252494
 10
684.2449701135024
 20
459.0850811282309
 10
684.0925709051004
 20
459.0445296776869
 10
683.9374499726949
 20
459.0125924553529
 10
683.7798052366566
 20
458.9894976429649
 10
683.6198346173552
 20
458.975473422259
 10
683.4577360351605
 20
458.9707479749713
 10
683.2956374529659
 20
458.975473422259
 10
683.1356668336646
 20
458.9894976429649
 10
682.9780220976261
 20
459.0125924553529
 10
682.8229011652207
 20
459.0445296776869
 10
682.6705019568186
 20
459.0850811282309
 10
682.5210223927894
 20
459.1340186252494
 10
682.3746603935035
 20
459.1911139870058
 10
682.2316138793306
 20
459.2561390317642
 10
682.092080770641
 20
459.3288655777891
 10
681.9562589878045
 20
459.4090654433442
 10
681.8243464511912
 20
459.4965104466933
 10
681.6965410811711
 20
459.5909724061006
 10
681.5730407981142
 20
459.6922231398302
 10
681.4540435223904
 20
459.8000344661462
 10
681.33974717437
 20
459.9141782033122
 10
681.2303496744228
 20
460.0344261695925
 10
681.1260489429188
 20
460.160550183251
 10
681.0270429002281
 20
460.2923220625519
 10
680.9335294667208
 20
460.4295136257589
 10
680.8457065627666
 20
460.5718966911362
 10
680.7637721087359
 20
460.719243076948
 10
680.6879240249985
 20
460.871324601458
 10
680.6183602319244
 20
461.0279130829304
 10
680.5552786498837
 20
461.1887803396292
 10
680.4988771992462
 20
461.3536981898183
 10
680.4493538003823
 20
461.5224384517615
 10
680.4069063736618
 20
461.6947729437233
 10
680.3717328394546
 20
461.8704734839673
 10
680.3440311181308
 20
462.0493118907578
 10
680.3239991300605
 20
462.2310599823586
 10
680.3118347956136
 20
462.415489577034
 10
680.3077360351602
 20
462.6023724930477
  0
LWPOLYLINE
  5
194A
330
10C0
100
AcDbEntity
  8
CAMADA_1
100
AcDbPolyline
 90
      132
 70
     1
 43
0.0
 10
550.8180400703349
 20
614.4388550881894
 10
550.8149828240704
 20
615.8810274626196
 10
550.8190815845239
 20
616.0679103786333
 10
550.8312459189706
 20
616.2523399733085
 10
550.8512779070411
 20
616.4340880649092
 10
550.8789796283647
 20
616.6129264716999
 10
550.9141531625719
 20
616.7886270119439
 10
550.9566005892925
 20
616.9609615039055
 10
551.0061239881565
 20
617.1297017658489
 10
551.0625254387937
 20
617.294619616038
 10
551.1256070208344
 20
617.4554868727366
 10
551.1951708139086
 20
617.612075354209
 10
551.2710188976462
 20
617.7641568787191
 10
551.3529533516768
 20
617.9115032645306
 10
551.4407762556309
 20
618.0538863299079
 10
551.5342896891383
 20
618.191077893115
 10
551.6332957318289
 20
618.3228497724159
 10
551.7375964633329
 20
618.4489737860745
 10
551.84699396328
 20
618.5692217523548
 10
551.9612903113007
 20
618.6833654895208
 10
552.0802875870242
 20
618.7911768158366
 10
552.2037878700812
 20
618.8924275495665
 10
552.3315932401013
 20
618.9868895089736
 10
552.4635057767148
 20
619.0743345123229
 10
552.5993275595511
 20
619.1545343778779
 10
552.7388606682408
 20
619.2272609239026
 10
552.8819071824137
 20
619.2922859686611
 10
553.0282691816997
 20
619.3493813304176
 10
553.1777487457288
 20
619.3983188274359
 10
553.330147954131
 20
619.4388702779802
 10
553.4852688865363
 20
619.4708075003143
 10
553.6429136225747
 20
619.4939023127021
 10
553.8028842418762
 20
619.5079265334079
 10
553.9649828240708
 20
619.5126519806956
 10
554.1270814062653
 20
619.5079265334079
 10
554.2870520255667
 20
619.4939023127021
 10
554.4446967616051
 20
619.4708075003143
 10
554.5998176940104
 20
619.4388702779802
 10
554.7522169024127
 20
619.3983188274359
 10
554.9016964664417
 20
619.3493813304176
 10
555.0480584657277
 20
619.2922859686611
 10
555.1911049799006
 20
619.2272609239026
 10
555.3306380885904
 20
619.1545343778779
 10
555.4664598714269
 20
619.0743345123229
 10
555.5983724080402
 20
618.9868895089736
 10
555.7261777780602
 20
618.8924275495665
 10
555.8496780611172
 20
618.7911768158366
 10
555.9686753368407
 20
618.6833654895208
 10
556.0829716848611
 20
618.5692217523548
 10
556.1923691848082
 20
618.4489737860745
 10
556.2966699163123
 20
618.3228497724159
 10
556.395675959003
 20
618.191077893115
 10
556.4891893925103
 20
618.0538863299079
 10
556.5770122964643
 20
617.9115032645306
 10
556.6589467504952
 20
617.7641568787191
 10
556.7347948342326
 20
617.612075354209
 10
556.8043586273067
 20
617.4554868727366
 10
556.8674402093474
 20
617.294619616038
 10
556.9238416599849
 20
617.1297017658489
 10
556.9733650588488
 20
616.9609615039055
 10
557.0158124855693
 20
616.7886270119439
 10
557.0509860197764
 20
616.6129264716999
 10
557.0786877411001
 20
616.4340880649092
 10
557.0987197291706
 20
616.2523399733085
 10
557.1108840636173
 20
616.0679103786333
 10
557.1149828240709
 20
615.8810274626196
 10
557.114802413683
 20
614.3166776199734
 10
557.1149828240709
 20
614.2774022495962
 10
557.1108840636173
 20
614.0905193335825
 10
557.0987197291706
 20
613.9060897389072
 10
557.0786877411001
 20
613.7243416473063
 10
557.0509860197764
 20
613.5455032405157
 10
557.0158124855693
 20
613.3698027002715
 10
556.9733650588488
 20
613.1974682083099
 10
556.9238416599849
 20
613.0287279463666
 10
556.8674402093474
 20
612.8638100961775
 10
556.8043586273067
 20
612.702942839479
 10
556.7347948342326
 20
612.5463543580067
 10
556.6589467504952
 20
612.3942728334965
 10
556.5770122964643
 20
612.2469264476849
 10
556.4891893925103
 20
612.1045433823076
 10
556.395675959003
 20
611.9673518191005
 10
556.2966699163123
 20
611.8355799397996
 10
556.1923691848082
 20
611.7094559261409
 10
556.0829716848611
 20
611.5892079598605
 10
555.9686753368407
 20
611.4750642226945
 10
555.8496780611172
 20
611.3672528963787
 10
555.7261777780602
 20
611.266002162649
 10
555.5983724080402
 20
611.1715402032419
 10
555.4664598714269
 20
611.0840951998925
 10
555.3306380885904
 20
611.0038953343376
 10
555.1911049799006
 20
610.9311687883129
 10
555.0480584657277
 20
610.8661437435543
 10
554.9016964664417
 20
610.8090483817979
 10
554.7522169024127
 20
610.7601108847795
 10
554.5998176940104
 20
610.7195594342353
 10
554.4446967616051
 20
610.6876222119012
 10
554.2870520255667
 20
610.6645273995134
 10
554.1270814062653
 20
610.6505031788076
 10
553.9649828240708
 20
610.6457777315197
 10
553.8028842418762
 20
610.6505031788076
 10
553.6429136225747
 20
610.6645273995134
 10
553.4852688865363
 20
610.6876222119012
 10
553.330147954131
 20
610.7195594342353
 10
553.1777487457288
 20
610.7601108847795
 10
553.0282691816997
 20
610.8090483817979
 10
552.8819071824137
 20
610.8661437435543
 10
552.7388606682408
 20
610.9311687883129
 10
552.5993275595511
 20
611.0038953343376
 10
552.4635057767148
 20
611.0840951998925
 10
552.3315932401013
 20
611.1715402032419
 10
552.2037878700812
 20
611.266002162649
 10
552.0802875870242
 20
611.3672528963787
 10
551.9612903113007
 20
611.4750642226945
 10
551.84699396328
 20
611.5892079598605
 10
551.7375964633329
 20
611.7094559261409
 10
551.6332957318289
 20
611.8355799397996
 10
551.5342896891383
 20
611.9673518191005
 10
551.4407762556309
 20
612.1045433823076
 10
551.3529533516768
 20
612.2469264476849
 10
551.2710188976462
 20
612.3942728334965
 10
551.1951708139086
 20
612.5463543580067
 10
551.1256070208344
 20
612.702942839479
 10
551.0625254387937
 20
612.8638100961775
 10
551.0061239881565
 20
613.0287279463666
 10
550.9566005892925
 20
613.1974682083099
 10
550.9141531625719
 20
613.3698027002715
 10
550.8789796283647
 20
613.5455032405157
 10
550.8512779070411
 20
613.7243416473063
 10
550.8312459189706
 20
613.9060897389072
 10
550.8190815845239
 20
614.0905193335825
 10
550.8149828240704
 20
614.2774022495962
  0
LWPOLYLINE
  5
194B
330
10C0
100
AcDbEntity
  8
CAMADA_1
100
AcDbPolyline
 90
      132
 70
     1
 43
0.0
 10
570.8180400703348
 20
614.4388550881894
 10
570.8149828240705
 20
615.8810274626196
 10
570.8190815845239
 20
616.0679103786333
 10
570.8312459189706
 20
616.2523399733085
 10
570.851277907041
 20
616.4340880649092
 10
570.8789796283647
 20
616.6129264716999
 10
570.9141531625719
 20
616.7886270119439
 10
570.9566005892924
 20
616.9609615039055
 10
571.0061239881565
 20
617.1297017658489
 10
571.0625254387937
 20
617.294619616038
 10
571.1256070208344
 20
617.4554868727366
 10
571.1951708139086
 20
617.612075354209
 10
571.2710188976461
 20
617.7641568787191
 10
571.3529533516768
 20
617.9115032645306
 10
571.4407762556309
 20
618.0538863299079
 10
571.5342896891383
 20
618.191077893115
 10
571.6332957318289
 20
618.3228497724159
 10
571.7375964633329
 20
618.4489737860745
 10
571.84699396328
 20
618.5692217523548
 10
571.9612903113007
 20
618.6833654895208
 10
572.0802875870242
 20
618.7911768158366
 10
572.2037878700811
 20
618.8924275495665
 10
572.3315932401013
 20
618.9868895089736
 10
572.4635057767147
 20
619.0743345123229
 10
572.5993275595511
 20
619.1545343778779
 10
572.7388606682408
 20
619.2272609239026
 10
572.8819071824136
 20
619.2922859686611
 10
573.0282691816996
 20
619.3493813304176
 10
573.1777487457288
 20
619.3983188274359
 10
573.3301479541309
 20
619.4388702779802
 10
573.4852688865363
 20
619.4708075003143
 10
573.6429136225747
 20
619.4939023127021
 10
573.8028842418762
 20
619.5079265334079
 10
573.9649828240708
 20
619.5126519806956
 10
574.1270814062653
 20
619.5079265334079
 10
574.2870520255666
 20
619.4939023127021
 10
574.4446967616052
 20
619.4708075003143
 10
574.5998176940104
 20
619.4388702779802
 10
574.7522169024128
 20
619.3983188274359
 10
574.9016964664417
 20
619.3493813304176
 10
575.0480584657277
 20
619.2922859686611
 10
575.1911049799006
 20
619.2272609239026
 10
575.3306380885903
 20
619.1545343778779
 10
575.4664598714269
 20
619.0743345123229
 10
575.5983724080401
 20
618.9868895089736
 10
575.7261777780602
 20
618.8924275495665
 10
575.8496780611172
 20
618.7911768158366
 10
575.9686753368407
 20
618.6833654895208
 10
576.0829716848611
 20
618.5692217523548
 10
576.1923691848083
 20
618.4489737860745
 10
576.2966699163123
 20
618.3228497724159
 10
576.395675959003
 20
618.191077893115
 10
576.4891893925103
 20
618.0538863299079
 10
576.5770122964643
 20
617.9115032645306
 10
576.6589467504952
 20
617.7641568787191
 10
576.7347948342326
 20
617.612075354209
 10
576.8043586273067
 20
617.4554868727366
 10
576.8674402093474
 20
617.294619616038
 10
576.9238416599848
 20
617.1297017658489
 10
576.9733650588488
 20
616.9609615039055
 10
577.0158124855693
 20
616.7886270119439
 10
577.0509860197765
 20
616.6129264716999
 10
577.0786877411
 20
616.4340880649092
 10
577.0987197291706
 20
616.2523399733085
 10
577.1108840636173
 20
616.0679103786333
 10
577.1149828240709
 20
615.8810274626196
 10
577.114802413683
 20
614.3166776199734
 10
577.1149828240709
 20
614.2774022495962
 10
577.1108840636173
 20
614.0905193335825
 10
577.0987197291706
 20
613.9060897389072
 10
577.0786877411
 20
613.7243416473063
 10
577.0509860197765
 20
613.5455032405157
 10
577.0158124855693
 20
613.3698027002715
 10
576.9733650588488
 20
613.1974682083099
 10
576.9238416599848
 20
613.0287279463666
 10
576.8674402093474
 20
612.8638100961775
 10
576.8043586273067
 20
612.702942839479
 10
576.7347948342326
 20
612.5463543580067
 10
576.6589467504952
 20
612.3942728334965
 10
576.5770122964643
 20
612.2469264476849
 10
576.4891893925103
 20
612.1045433823076
 10
576.395675959003
 20
611.9673518191005
 10
576.2966699163123
 20
611.8355799397996
 10
576.1923691848083
 20
611.7094559261409
 10
576.0829716848611
 20
611.5892079598605
 10
575.9686753368407
 20
611.4750642226945
 10
575.8496780611172
 20
611.3672528963787
 10
575.7261777780602
 20
611.266002162649
 10
575.5983724080401
 20
611.1715402032419
 10
575.4664598714269
 20
611.0840951998925
 10
575.3306380885903
 20
611.0038953343376
 10
575.1911049799006
 20
610.9311687883129
 10
575.0480584657277
 20
610.8661437435543
 10
574.9016964664417
 20
610.8090483817979
 10
574.7522169024128
 20
610.7601108847795
 10
574.5998176940104
 20
610.7195594342353
 10
574.4446967616052
 20
610.6876222119012
 10
574.2870520255666
 20
610.6645273995134
 10
574.1270814062653
 20
610.6505031788076
 10
573.9649828240708
 20
610.6457777315197
 10
573.8028842418762
 20
610.6505031788076
 10
573.6429136225747
 20
610.6645273995134
 10
573.4852688865363
 20
610.6876222119012
 10
573.3301479541309
 20
610.7195594342353
 10
573.1777487457288
 20
610.7601108847795
 10
573.0282691816996
 20
610.8090483817979
 10
572.8819071824136
 20
610.8661437435543
 10
572.7388606682408
 20
610.9311687883129
 10
572.5993275595511
 20
611.0038953343376
 10
572.4635057767147
 20
611.0840951998925
 10
572.3315932401013
 20
611.1715402032419
 10
572.2037878700811
 20
611.266002162649
 10
572.0802875870242
 20
611.3672528963787
 10
571.9612903113007
 20
611.4750642226945
 10
571.84699396328
 20
611.5892079598605
 10
571.7375964633329
 20
611.7094559261409
 10
571.6332957318289
 20
611.8355799397996
 10
571.5342896891383
 20
611.9673518191005
 10
571.4407762556309
 20
612.1045433823076
 10
571.3529533516768
 20
612.2469264476849
 10
571.2710188976461
 20
612.3942728334965
 10
571.1951708139086
 20
612.5463543580067
 10
571.1256070208344
 20
612.702942839479
 10
571.0625254387937
 20
612.8638100961775
 10
571.0061239881565
 20
613.0287279463666
 10
570.9566005892924
 20
613.1974682083099
 10
570.9141531625719
 20
613.3698027002715
 10
570.8789796283647
 20
613.5455032405157
 10
570.851277907041
 20
613.7243416473063
 10
570.8312459189706
 20
613.9060897389072
 10
570.8190815845239
 20
614.0905193335825
 10
570.8149828240705
 20
614.2774022495962
  0
LWPOLYLINE
  5
194C
330
10C0
100
AcDbEntity
  8
0
100
AcDbPolyline
 90
        4
 70
     1
 43
0.0
 10
523.5
 20
622.5
 10
603.5
 20
622.5
 10
603.5
 20
607.0046537888747
 10
523.5
 20
607.0046537888747
  0
ENDSEC
  0
SECTION
  2
OBJECTS
  0
DICTIONARY
  5
105D
330
0
100
AcDbDictionary
281
     1
  3
ACAD_BACKGROUND
350
1734
  3
ACAD_CIP_PREVIOUS_PRODUCT_INFO
350
10CD
  3
ACAD_COLOR
350
10B3
  3
ACAD_DETAILVIEWSTYLE
350
10BA
  3
ACAD_GROUP
350
105E
  3
ACAD_IMAGE_DICT
350
1542
  3
ACAD_IMAGE_VARS
350
1543
  3
ACAD_LAYOUT
350
10B2
  3
ACAD_MATERIAL
350
1061
  3
ACAD_MLEADERSTYLE
350
10B6
  3
ACAD_MLINESTYLE
350
10AF
  3
ACAD_PLOTSETTINGS
350
10B1
  3
ACAD_PLOTSTYLENAME
350
105F
  3
ACAD_SCALELIST
350
1093
  3
ACAD_SECTIONVIEWSTYLE
350
10B8
  3
ACAD_TABLESTYLE
350
10B4
  3
ACAD_VISUALSTYLE
350
107A
  3
ACDB_RECOMPOSE_DATA
350
1970
  3
AcDbVariableDictionary
350
10CE
  3
AcStPlugin
350
1763
  0
DICTIONARY
  5
1537
330
1053
100
AcDbDictionary
280
     1
281
     1
  3
ACAD_LAYERSTATES
360
1538
  0
DICTIONARY
  5
1526
330
10A5
100
AcDbDictionary
280
     1
281
     1
  3
ADSK_XREC_LAYER_RECONCILED
360
1527
  0
DICTIONARY
  5
1528
330
10C6
100
AcDbDictionary
280
     1
281
     1
  3
ADSK_XREC_LAYER_RECONCILED
360
1529
  0
DICTIONARY
  5
168F
330
10C0
100
AcDbDictionary
280
     1
281
     1
  0
DICTIONARY
  5
1734
102
{ACAD_REACTORS
330
105D
102
}
330
105D
100
AcDbDictionary
281
     1
  0
XRECORD
  5
10CD
102
{ACAD_REACTORS
330
105D
102
}
330
105D
100
AcDbXrecord
280
     1
300
ACD
300
2024
300
87798ACD_2024_0F
  0
DICTIONARY
  5
10B3
102
{ACAD_REACTORS
330
105D
102
}
330
105D
100
AcDbDictionary
281
     1
  0
DICTIONARY
  5
10BA
102
{ACAD_REACTORS
330
105D
102
}
330
105D
100
AcDbDictionary
281
     1
  3
Imperial24
350
10BB
  0
DICTIONARY
  5
105E
102
{ACAD_REACTORS
330
105D
102
}
330
105D
100
AcDbDictionary
281
     1
  0
DICTIONARY
  5
1542
102
{ACAD_REACTORS
330
105D
102
}
330
105D
100
AcDbDictionary
281
     1
  3
pho5548
350
1577
  3
photo_2026-07-02_20-09-44
350
1544
  0
RASTERVARIABLES
  5
1543
102
{ACAD_REACTORS
330
105D
102
}
330
105D
100
AcDbRasterVariables
 90
        0
 70
     1
 71
     1
 72
     1
  0
DICTIONARY
  5
10B2
102
{ACAD_REACTORS
330
105D
102
}
330
105D
100
AcDbDictionary
281
     1
  3
Layout1
350
10BF
  3
Model
350
10C3
  0
DICTIONARY
  5
1061
102
{ACAD_REACTORS
330
105D
102
}
330
105D
100
AcDbDictionary
281
     1
  3
ByBlock
350
106A
  3
ByLayer
350
1062
  3
Global
350
1072
  0
DICTIONARY
  5
10B6
102
{ACAD_REACTORS
330
105D
102
}
330
105D
100
AcDbDictionary
281
     1
  3
Standard
350
10B7
  0
DICTIONARY
  5
10AF
102
{ACAD_REACTORS
330
105D
102
}
330
105D
100
AcDbDictionary
281
     1
  3
Standard
350
10B0
  0
DICTIONARY
  5
10B1
102
{ACAD_REACTORS
330
105D
102
}
330
105D
100
AcDbDictionary
281
     1
  0
ACDBDICTIONARYWDFLT
  5
105F
102
{ACAD_REACTORS
330
105D
102
}
330
105D
100
AcDbDictionary
281
     1
  3
Normal
350
1060
100
AcDbDictionaryWithDefault
340
1060
  0
DICTIONARY
  5
1093
102
{ACAD_REACTORS
330
105D
102
}
330
105D
100
AcDbDictionary
281
     1
  3
A0
350
1094
  3
A1
350
1095
  3
A2
350
1096
  3
A3
350
1097
  3
A4
350
1098
  3
A5
350
1099
  3
A6
350
109A
  3
A7
350
109B
  3
A8
350
109C
  3
A9
350
109D
  3
B0
350
109E
  3
B1
350
109F
  3
B2
350
10A0
  3
B3
350
10A1
  3
B4
350
10A2
  3
B5
350
10A3
  3
B6
350
10A4
  0
DICTIONARY
  5
10B8
102
{ACAD_REACTORS
330
105D
102
}
330
105D
100
AcDbDictionary
281
     1
  3
Imperial24
350
10B9
  0
DICTIONARY
  5
10B4
102
{ACAD_REACTORS
330
105D
102
}
330
105D
100
AcDbDictionary
281
     1
  3
Standard
350
10B5
  0
DICTIONARY
  5
107A
102
{ACAD_REACTORS
330
105D
102
}
330
105D
100
AcDbDictionary
281
     1
  3
2dWireframe
350
1080
  3
Basic
350
107F
  3
Brighten
350
1086
  3
ColorChange
350
108A
  3
Conceptual
350
1083
  3
Dim
350
1085
  3
EdgeColorOff
350
1092
  3
Facepattern
350
1089
  3
Flat
350
107B
  3
FlatWithEdges
350
107C
  3
Gouraud
350
107D
  3
GouraudWithEdges
350
107E
  3
Hidden
350
1082
  3
JitterOff
350
1090
  3
Linepattern
350
1088
  3
OverhangOff
350
1091
  3
Realistic
350
1084
  3
Shaded
350
108F
  3
Shaded with edges
350
108E
  3
Shades of Gray
350
108B
  3
Sketchy
350
108C
  3
Thicken
350
1087
  3
Wireframe
350
1081
  3
X-Ray
350
108D
  0
XRECORD
  5
1970
102
{ACAD_REACTORS
330
105D
102
}
330
105D
100
AcDbXrecord
280
     1
 90
        1
330
10B5
  0
DICTIONARY
  5
10CE
102
{ACAD_REACTORS
330
105D
102
}
330
105D
100
AcDbDictionary
281
     1
  3
ANNOALLVISIBLE
350
14BF
  3
CANNOSCALE
350
10D6
  3
CMLEADERSTYLE
350
10D2
  3
CTABLESTYLE
350
10D1
  3
CVIEWDETAILSTYLE
350
10D3
  3
CVIEWSECTIONSTYLE
350
10D4
  3
LAYEREVAL
350
10D8
  3
LAYERNOTIFY
350
10D9
  3
LIGHTINGUNITS
350
10D7
  3
MSLTSCALE
350
10D5
  0
DICTIONARY
  5
1763
102
{ACAD_REACTORS
330
105D
102
}
330
105D
100
AcDbDictionary
281
     1
  3
AcStDStyle.AcStDimStyle2
350
1764
  3
AcStLay.AcStLayer2
350
1765
  3
AcStLtype.AcStLinetype2
350
1766
  3
AcStMLeaderStyle.AcStMleaderStyle2
350
1767
  3
AcStTStyle.AcStTextStyle2
350
1768
  0
DICTIONARY
  5
1538
102
{ACAD_REACTORS
330
1537
102
}
330
1537
100
AcDbDictionary
281
     1
  0
XRECORD
  5
1527
102
{ACAD_REACTORS
330
1526
102
}
330
1526
100
AcDbXrecord
280
     1
290
     1
  0
XRECORD
  5
1529
102
{ACAD_REACTORS
330
1528
102
}
330
1528
100
AcDbXrecord
280
     1
290
     1
  0
ACDBDETAILVIEWSTYLE
  5
10BB
102
{ACAD_REACTORS
330
10BA
102
}
330
10BA
100
AcDbModelDocViewStyle
 70
     0
  3
Imperial24
290
     0
300
Imperial24
 90
        0
100
AcDbDetailViewStyle
 70
     0
 71
     0
 90
        3
 71
     1
340
10A6
 62
   256
 40
0.24
340
0
 62
   256
 40
0.24
300

 40
0.36
280
     3
 71
     2
340
10AD
 90
       25
 62
   256
 71
     3
340
10A6
 62
   256
 40
0.24
 90
        1
 40
0.75
 90
        1
300
%<\AcVar ViewType \f "%tc1">% %<\AcVar ViewDetailId>%\PSCALE %<\AcVar ViewScale \f "%sn">%
 71
     4
340
10AD
 90
       25
 62
   256
340
10AD
 90
       25
 62
   256
280
     0
  0
IMAGEDEF
  5
1577
102
{ACAD_REACTORS
330
1542
102
}
330
1542
100
AcDbRasterImageDef
 90
        0
  1
..\pho5548.jpg
 10
173.0
 20
174.0
 11
0.3527777777777778
 21
0.3527777777777778
280
     1
281
     5
  0
IMAGEDEF
  5
1544
102
{ACAD_REACTORS
330
1542
102
}
330
1542
100
AcDbRasterImageDef
 90
        0
  1
..\photo_2026-07-02_20-09-44.jpg
 10
362.0
 20
346.0
 11
0.3527777777777778
 21
0.3527777777777778
280
     1
281
     5
  0
LAYOUT
  5
10BF
102
{ACAD_REACTORS
330
10B2
102
}
330
10B2
100
AcDbPlotSettings
  1

  2
Microsoft Print to PDF
  4

  6

 40
0.0
 41
0.0
 42
0.0
 43
0.0
 44
0.0
 45
0.0
 46
0.0
 47
0.0
 48
0.0
 49
0.0
140
0.0
141
0.0
142
1.0
143
1.0
 70
   688
 72
     0
 73
     0
 74
     5
  7

 75
    16
147
1.0
 76
     0
 77
     2
 78
   300
148
0.0
149
0.0
100
AcDbLayout
  1
Layout1
 70
     1
 71
     1
 10
0.0
 20
0.0
 11
12.0
 21
9.0
 12
0.0
 22
0.0
 32
0.0
 14
1.000000000000000E+20
 24
1.000000000000000E+20
 34
1.000000000000000E+20
 15
-1.000000000000000E+20
 25
-1.000000000000000E+20
 35
-1.000000000000000E+20
146
0.0
 13
0.0
 23
0.0
 33
0.0
 16
1.0
 26
0.0
 36
0.0
 17
0.0
 27
1.0
 37
0.0
 76
     0
330
10BC
  0
LAYOUT
  5
10C3
102
{ACAD_REACTORS
330
10B2
102
}
330
10B2
100
AcDbPlotSettings
  1

  2
Microsoft Print to PDF
  4

  6

 40
0.0
 41
0.0
 42
0.0
 43
0.0
 44
0.0
 45
0.0
 46
0.0
 47
0.0
 48
0.0
 49
0.0
140
0.0
141
0.0
142
1.0
143
1.0
 70
  1712
 72
     0
 73
     0
 74
     0
  7

 75
     0
147
1.0
 76
     0
 77
     2
 78
   300
148
0.0
149
0.0
100
AcDbLayout
  1
Model
 70
     1
 71
     0
 10
0.0
 20
0.0
 11
12.0
 21
9.0
 12
0.0
 22
0.0
 32
0.0
 14
0.0
 24
0.0
 34
0.0
 15
0.0
 25
0.0
 35
0.0
146
0.0
 13
0.0
 23
0.0
 33
0.0
 16
1.0
 26
0.0
 36
0.0
 17
0.0
 27
1.0
 37
0.0
 76
     0
330
10C0
331
10C4
  0
MATERIAL
  5
106A
102
{ACAD_XDICTIONARY
360
106B
102
}
102
{ACAD_REACTORS
330
1061
102
}
330
1061
100
AcDbMaterial
  1
ByBlock
 72
     0
 43
0.0208333333333333
 43
0.0
 43
0.0
 43
0.0
 43
0.0
 43
0.0208333333333333
 43
0.0
 43
0.0
 43
0.0
 43
0.0
 43
1.0
 43
0.0
 43
0.0
 43
0.0
 43
0.0
 43
1.0
 77
     0
 47
0.0208333333333333
 47
0.0
 47
0.0
 47
0.0
 47
0.0
 47
0.0208333333333333
 47
0.0
 47
0.0
 47
0.0
 47
0.0
 47
1.0
 47
0.0
 47
0.0
 47
0.0
 47
0.0
 47
1.0
171
     0
 49
0.0208333333333333
 49
0.0
 49
0.0
 49
0.0
 49
0.0
 49
0.0208333333333333
 49
0.0
 49
0.0
 49
0.0
 49
0.0
 49
1.0
 49
0.0
 49
0.0
 49
0.0
 49
0.0
 49
1.0
175
     0
142
0.0208333333333333
142
0.0
142
0.0
142
0.0
142
0.0
142
0.0208333333333333
142
0.0
142
0.0
142
0.0
142
0.0
142
1.0
142
0.0
142
0.0
142
0.0
142
0.0
142
1.0
179
     0
144
0.0208333333333333
144
0.0
144
0.0
144
0.0
144
0.0
144
0.0208333333333333
144
0.0
144
0.0
144
0.0
144
0.0
144
1.0
144
0.0
144
0.0
144
0.0
144
0.0
144
1.0
147
0.0208333333333333
147
0.0
147
0.0
147
0.0
147
0.0
147
0.0208333333333333
147
0.0
147
0.0
147
0.0
147
0.0
147
1.0
147
0.0
147
0.0
147
0.0
147
0.0
147
1.0
  0
MATERIAL
  5
1062
102
{ACAD_XDICTIONARY
360
1063
102
}
102
{ACAD_REACTORS
330
1061
102
}
330
1061
100
AcDbMaterial
  1
ByLayer
 72
     0
 43
0.0208333333333333
 43
0.0
 43
0.0
 43
0.0
 43
0.0
 43
0.0208333333333333
 43
0.0
 43
0.0
 43
0.0
 43
0.0
 43
1.0
 43
0.0
 43
0.0
 43
0.0
 43
0.0
 43
1.0
 77
     0
 47
0.0208333333333333
 47
0.0
 47
0.0
 47
0.0
 47
0.0
 47
0.0208333333333333
 47
0.0
 47
0.0
 47
0.0
 47
0.0
 47
1.0
 47
0.0
 47
0.0
 47
0.0
 47
0.0
 47
1.0
171
     0
 49
0.0208333333333333
 49
0.0
 49
0.0
 49
0.0
 49
0.0
 49
0.0208333333333333
 49
0.0
 49
0.0
 49
0.0
 49
0.0
 49
1.0
 49
0.0
 49
0.0
 49
0.0
 49
0.0
 49
1.0
175
     0
142
0.0208333333333333
142
0.0
142
0.0
142
0.0
142
0.0
142
0.0208333333333333
142
0.0
142
0.0
142
0.0
142
0.0
142
1.0
142
0.0
142
0.0
142
0.0
142
0.0
142
1.0
179
     0
144
0.0208333333333333
144
0.0
144
0.0
144
0.0
144
0.0
144
0.0208333333333333
144
0.0
144
0.0
144
0.0
144
0.0
144
1.0
144
0.0
144
0.0
144
0.0
144
0.0
144
1.0
147
0.0208333333333333
147
0.0
147
0.0
147
0.0
147
0.0
147
0.0208333333333333
147
0.0
147
0.0
147
0.0
147
0.0
147
1.0
147
0.0
147
0.0
147
0.0
147
0.0
147
1.0
  0
MATERIAL
  5
1072
102
{ACAD_XDICTIONARY
360
1073
102
}
102
{ACAD_REACTORS
330
1061
102
}
330
1061
100
AcDbMaterial
  1
Global
 72
     0
 43
0.0208333333333333
 43
0.0
 43
0.0
 43
0.0
 43
0.0
 43
0.0208333333333333
 43
0.0
 43
0.0
 43
0.0
 43
0.0
 43
1.0
 43
0.0
 43
0.0
 43
0.0
 43
0.0
 43
1.0
 77
     0
 47
0.0208333333333333
 47
0.0
 47
0.0
 47
0.0
 47
0.0
 47
0.0208333333333333
 47
0.0
 47
0.0
 47
0.0
 47
0.0
 47
1.0
 47
0.0
 47
0.0
 47
0.0
 47
0.0
 47
1.0
171
     0
 49
0.0208333333333333
 49
0.0
 49
0.0
 49
0.0
 49
0.0
 49
0.0208333333333333
 49
0.0
 49
0.0
 49
0.0
 49
0.0
 49
1.0
 49
0.0
 49
0.0
 49
0.0
 49
0.0
 49
1.0
175
     0
142
0.0208333333333333
142
0.0
142
0.0
142
0.0
142
0.0
142
0.0208333333333333
142
0.0
142
0.0
142
0.0
142
0.0
142
1.0
142
0.0
142
0.0
142
0.0
142
0.0
142
1.0
179
     0
144
0.0208333333333333
144
0.0
144
0.0
144
0.0
144
0.0
144
0.0208333333333333
144
0.0
144
0.0
144
0.0
144
0.0
144
1.0
144
0.0
144
0.0
144
0.0
144
0.0
144
1.0
147
0.0208333333333333
147
0.0
147
0.0
147
0.0
147
0.0
147
0.0208333333333333
147
0.0
147
0.0
147
0.0
147
0.0
147
1.0
147
0.0
147
0.0
147
0.0
147
0.0
147
1.0
  0
MLEADERSTYLE
  5
10B7
102
{ACAD_REACTORS
330
10B6
102
}
330
10B6
100
AcDbMLeaderStyle
179
     2
170
     2
171
     1
172
     0
 90
        2
 40
0.0
 41
0.0
173
     1
 91
-1056964608
340
10AB
 92
       -2
290
     1
 42
0.09
291
     1
 43
0.36
  3
Standard
 44
0.18
300

342
10A6
174
     1
178
     6
175
     1
176
     0
 93
-1056964608
 45
0.18
292
     0
297
     0
 46
0.18
 94
-1056964608
 47
1.0
 49
1.0
140
1.0
293
     1
141
0.0
294
     1
177
     0
142
1.0
295
     0
296
     0
143
0.125
271
     0
272
     9
273
     9
298
     0
  0
MLINESTYLE
  5
10B0
102
{ACAD_REACTORS
330
10AF
102
}
330
10AF
100
AcDbMlineStyle
  2
STANDARD
 70
     0
  3

 62
   256
 51
90.0
 52
90.0
 71
     2
 49
0.5
 62
   256
  6
BYLAYER
 49
-0.5
 62
   256
  6
BYLAYER
  0
ACDBPLACEHOLDER
  5
1060
102
{ACAD_REACTORS
330
105F
102
}
330
105F
  0
SCALE
  5
1094
102
{ACAD_REACTORS
330
1093
102
}
330
1093
100
AcDbScale
 70
     0
300
1:1
140
1.0
141
1.0
290
     1
  0
SCALE
  5
1095
102
{ACAD_REACTORS
330
1093
102
}
330
1093
100
AcDbScale
 70
     0
300
1/128" = 1'-0"
140
0.0078125
141
12.0
290
     0
  0
SCALE
  5
1096
102
{ACAD_REACTORS
330
1093
102
}
330
1093
100
AcDbScale
 70
     0
300
1/64" = 1'-0"
140
0.015625
141
12.0
290
     0
  0
SCALE
  5
1097
102
{ACAD_REACTORS
330
1093
102
}
330
1093
100
AcDbScale
 70
     0
300
1/32" = 1'-0"
140
0.03125
141
12.0
290
     0
  0
SCALE
  5
1098
102
{ACAD_REACTORS
330
1093
102
}
330
1093
100
AcDbScale
 70
     0
300
1/16" = 1'-0"
140
0.0625
141
12.0
290
     0
  0
SCALE
  5
1099
102
{ACAD_REACTORS
330
1093
102
}
330
1093
100
AcDbScale
 70
     0
300
3/32" = 1'-0"
140
0.09375
141
12.0
290
     0
  0
SCALE
  5
109A
102
{ACAD_REACTORS
330
1093
102
}
330
1093
100
AcDbScale
 70
     0
300
1/8" = 1'-0"
140
0.125
141
12.0
290
     0
  0
SCALE
  5
109B
102
{ACAD_REACTORS
330
1093
102
}
330
1093
100
AcDbScale
 70
     0
300
3/16" = 1'-0"
140
0.1875
141
12.0
290
     0
  0
SCALE
  5
109C
102
{ACAD_REACTORS
330
1093
102
}
330
1093
100
AcDbScale
 70
     0
300
1/4" = 1'-0"
140
0.25
141
12.0
290
     0
  0
SCALE
  5
109D
102
{ACAD_REACTORS
330
1093
102
}
330
1093
100
AcDbScale
 70
     0
300
3/8" = 1'-0"
140
0.375
141
12.0
290
     0
  0
SCALE
  5
109E
102
{ACAD_REACTORS
330
1093
102
}
330
1093
100
AcDbScale
 70
     0
300
1/2" = 1'-0"
140
0.5
141
12.0
290
     0
  0
SCALE
  5
109F
102
{ACAD_REACTORS
330
1093
102
}
330
1093
100
AcDbScale
 70
     0
300
3/4" = 1'-0"
140
0.75
141
12.0
290
     0
  0
SCALE
  5
10A0
102
{ACAD_REACTORS
330
1093
102
}
330
1093
100
AcDbScale
 70
     0
300
1" = 1'-0"
140
1.0
141
12.0
290
     0
  0
SCALE
  5
10A1
102
{ACAD_REACTORS
330
1093
102
}
330
1093
100
AcDbScale
 70
     0
300
1-1/2" = 1'-0"
140
1.5
141
12.0
290
     0
  0
SCALE
  5
10A2
102
{ACAD_REACTORS
330
1093
102
}
330
1093
100
AcDbScale
 70
     0
300
3" = 1'-0"
140
3.0
141
12.0
290
     0
  0
SCALE
  5
10A3
102
{ACAD_REACTORS
330
1093
102
}
330
1093
100
AcDbScale
 70
     0
300
6" = 1'-0"
140
6.0
141
12.0
290
     0
  0
SCALE
  5
10A4
102
{ACAD_REACTORS
330
1093
102
}
330
1093
100
AcDbScale
 70
     0
300
1'-0" = 1'-0"
140
12.0
141
12.0
290
     0
  0
ACDBSECTIONVIEWSTYLE
  5
10B9
102
{ACAD_REACTORS
330
10B8
102
}
330
10B8
100
AcDbModelDocViewStyle
 70
     0
  3
Imperial24
290
     0
300
Imperial24
 90
        0
100
AcDbSectionViewStyle
 70
     0
 71
     0
 90
       78
 71
     1
340
10A6
 62
   256
 40
0.24
340
0
340
0
 62
   256
 40
0.24
300
I, O, Q, S, X, Z
 40
0.48
 90
        3
 40
0.18
 90
        1
 71
     2
340
10AD
 90
       25
 62
   256
340
10AD
 90
       50
 62
   256
 40
0.24
 40
0.0
 40
0.24
 71
     3
340
10A6
 62
   256
 40
0.24
 90
        1
 40
0.75
 90
        1
300
%<\AcVar ViewType \f "%tc1">% %<\AcVar ViewSectionStartId>%-%<\AcVar ViewSectionEndId>%\PSCALE %<\AcVar ViewScale \f "%sn">%
 71
     4
 62
   256
 62
   257
300
ANSI31
 40
1.0
 90
        0
290
     0
290
     0
 90
        6
 40
0.0
 40
1.570796326794896
 40
0.2617993877991494
 40
1.308996938995747
 40
-0.2617993877991494
 40
1.832595714594046
  0
TABLESTYLE
  5
10B5
102
{ACAD_XDICTIONARY
360
196E
102
}
102
{ACAD_REACTORS
330
10B4
102
}
330
10B4
100
AcDbTableStyle
280
     0
  3
Standard
 70
     0
 71
     0
 40
0.06
 41
0.06
280
     0
281
     0
  7
STANDARD
140
0.18
170
     2
 62
     0
 63
     7
283
     0
 90
      512
 91
        0
  1

274
    -2
284
     1
 64
     0
275
    -2
285
     1
 65
     0
276
    -2
286
     1
 66
     0
277
    -2
287
     1
 67
     0
278
    -2
288
     1
 68
     0
279
    -2
289
     1
 69
     0
  7
STANDARD
140
0.25
170
     5
 62
     0
 63
     7
283
     0
 90
      512
 91
        0
  1

274
    -2
284
     1
 64
     0
275
    -2
285
     1
 65
     0
276
    -2
286
     1
 66
     0
277
    -2
287
     1
 67
     0
278
    -2
288
     1
 68
     0
279
    -2
289
     1
 69
     0
  7
STANDARD
140
0.18
170
     5
 62
     0
 63
     7
283
     0
 90
      512
 91
        0
  1

274
    -2
284
     1
 64
     0
275
    -2
285
     1
 65
     0
276
    -2
286
     1
 66
     0
277
    -2
287
     1
 67
     0
278
    -2
288
     1
 68
     0
279
    -2
289
     1
 69
     0
  0
VISUALSTYLE
  5
1080
102
{ACAD_REACTORS
330
107A
102
}
330
107A
100
AcDbVisualStyle
  2
2dWireframe
 70
     4
177
     3
291
     0
 70
    58
 90
        0
176
     1
 90
        2
176
     1
 90
        0
176
     1
 90
        0
176
     1
 40
0.6
176
     1
 40
30.0
176
     1
 62
     7
420
 16777215
176
     1
 90
        1
176
     1
 90
        4
176
     1
 62
     7
176
     1
 62
   257
176
     1
 90
        1
176
     1
 90
        1
176
     1
 40
1.0
176
     1
 90
        0
176
     1
 62
   257
176
     1
 40
1.0
176
     1
 90
        1
176
     1
 90
        6
176
     1
 90
        2
176
     1
 62
     7
176
     1
 90
        5
176
     1
 90
        0
176
     1
 90
        0
176
     1
290
     0
176
     1
 90
        1
176
     1
 40
0.0
176
     1
 90
        0
176
     1
290
     1
176
     1
290
     1
176
     1
290
     0
176
     1
290
     0
176
     1
290
     0
176
     1
290
     0
176
     1
290
     0
176
     1
290
     0
176
     1
290
     0
176
     1
 90
       50
176
     1
 40
0.0
176
     1
 40
1.0
176
     1
 90
        0
176
     1
 62
    18
420
        0
176
     1
 90
       50
176
     1
 90
        3
176
     1
 62
     5
420
      255
176
     1
290
     0
176
     1
 90
       50
176
     1
 90
       50
176
     1
 90
       50
176
     1
290
     0
176
     1
 90
       50
176
     1
 62
   256
176
     0
 40
1.0
176
     0
 90
        2
176
     1
  1
strokes_ogs.tif
176
     1
290
     0
176
     1
 40
1.0
176
     1
 40
1.0
176
     1
  0
VISUALSTYLE
  5
107F
102
{ACAD_REACTORS
330
107A
102
}
330
107A
100
AcDbVisualStyle
  2
Basic
 70
     7
177
     3
291
     1
 70
    58
 90
        1
176
     1
 90
        0
176
     1
 90
        1
176
     1
 90
        0
176
     1
 40
0.6
176
     1
 40
30.0
176
     1
 62
     7
420
 16777215
176
     1
 90
        0
176
     1
 90
        4
176
     1
 62
     7
176
     1
 62
   257
176
     1
 90
        1
176
     1
 90
        1
176
     1
 40
1.0
176
     1
 90
        8
176
     1
 62
     7
176
     1
 40
1.0
176
     1
 90
        1
176
     1
 90
        6
176
     1
 90
        2
176
     1
 62
     7
176
     1
 90
        5
176
     1
 90
        0
176
     1
 90
        0
176
     1
290
     0
176
     1
 90
        1
176
     1
 40
0.0
176
     1
 90
        0
176
     1
290
     0
176
     1
290
     1
176
     1
290
     1
176
     1
290
     0
176
     1
290
     0
176
     1
290
     0
176
     1
290
     0
176
     1
290
     0
176
     1
290
     0
176
     1
 90
       50
176
     1
 40
0.0
176
     1
 40
1.0
176
     1
 90
        0
176
     1
 62
    18
420
        0
176
     1
 90
       50
176
     1
 90
        3
176
     1
 62
     5
420
      255
176
     1
290
     0
176
     1
 90
       50
176
     1
 90
       50
176
     1
 90
       50
176
     1
290
     0
176
     1
 90
       50
176
     1
 62
   256
176
     0
 40
1.0
176
     0
 90
        2
176
     1
  1
strokes_ogs.tif
176
     1
290
     0
176
     1
 40
1.0
176
     1
 40
1.0
176
     1
  0
VISUALSTYLE
  5
1086
102
{ACAD_REACTORS
330
107A
102
}
330
107A
100
AcDbVisualStyle
  2
Brighten
 70
    12
177
     3
291
     1
 70
    58
 90
        2
176
     1
 90
        2
176
     1
 90
        0
176
     1
 90
        0
176
     1
 40
0.6
176
     1
 40
30.0
176
     1
 62
     7
420
 16777215
176
     1
 90
        1
176
     1
 90
        4
176
     1
 62
     7
176
     1
 62
   257
176
     1
 90
        1
176
     1
 90
        1
176
     1
 40
1.0
176
     1
 90
        8
176
     1
 62
     7
176
     1
 40
1.0
176
     1
 90
        1
176
     1
 90
        6
176
     1
 90
        2
176
     1
 62
     7
176
     1
 90
        5
176
     1
 90
        0
176
     1
 90
        0
176
     1
290
     0
176
     1
 90
        1
176
     1
 40
50.0
176
     1
 90
        0
176
     1
290
     0
176
     1
290
     1
176
     1
290
     1
176
     1
290
     0
176
     1
290
     0
176
     1
290
     0
176
     1
290
     0
176
     1
290
     0
176
     1
290
     0
176
     1
 90
       50
176
     1
 40
0.0
176
     1
 40
1.0
176
     1
 90
        0
176
     1
 62
    18
420
        0
176
     1
 90
       50
176
     1
 90
        3
176
     1
 62
     5
420
      255
176
     1
290
     0
176
     1
 90
       50
176
     1
 90
       50
176
     1
 90
       50
176
     1
290
     0
176
     1
 90
       50
176
     1
 62
   256
176
     0
 40
1.0
176
     0
 90
        2
176
     1
  1
strokes_ogs.tif
176
     1
290
     0
176
     1
 40
1.0
176
     1
 40
1.0
176
     1
  0
VISUALSTYLE
  5
108A
102
{ACAD_REACTORS
330
107A
102
}
330
107A
100
AcDbVisualStyle
  2
ColorChange
 70
    16
177
     3
291
     1
 70
    58
 90
        2
176
     1
 90
        2
176
     1
 90
        3
176
     1
 90
        0
176
     1
 40
0.6
176
     1
 40
30.0
176
     1
 62
     8
420
  8421504
176
     1
 90
        1
176
     1
 90
        4
176
     1
 62
     7
176
     1
 62
   257
176
     1
 90
        1
176
     1
 90
        1
176
     1
 40
1.0
176
     1
 90
        8
176
     1
 62
     8
420
  8421504
176
     1
 40
1.0
176
     1
 90
        1
176
     1
 90
        6
176
     1
 90
        2
176
     1
 62
     7
176
     1
 90
        5
176
     1
 90
        0
176
     1
 90
        0
176
     1
290
     0
176
     1
 90
        1
176
     1
 40
0.0
176
     1
 90
        0
176
     1
290
     0
176
     1
290
     1
176
     1
290
     1
176
     1
290
     0
176
     1
290
     0
176
     1
290
     0
176
     1
290
     0
176
     1
290
     0
176
     1
290
     0
176
     1
 90
       50
176
     1
 40
0.0
176
     1
 40
1.0
176
     1
 90
        0
176
     1
 62
    18
420
        0
176
     1
 90
       50
176
     1
 90
        3
176
     1
 62
     5
420
      255
176
     1
290
     0
176
     1
 90
       50
176
     1
 90
       50
176
     1
 90
       50
176
     1
290
     0
176
     1
 90
       50
176
     1
 62
   256
176
     0
 40
1.0
176
     0
 90
        2
176
     1
  1
strokes_ogs.tif
176
     1
290
     0
176
     1
 40
1.0
176
     1
 40
1.0
176
     1
  0
VISUALSTYLE
  5
1083
102
{ACAD_REACTORS
330
107A
102
}
330
107A
100
AcDbVisualStyle
  2
Conceptual
 70
     9
177
     3
291
     0
 70
    58
 90
        3
176
     1
 90
        2
176
     1
 90
        0
176
     1
 90
        0
176
     1
 40
0.6
176
     1
 40
30.0
176
     1
 62
     7
420
 16777215
176
     1
 90
        2
176
     1
 90
        2
176
     1
 62
     7
176
     1
 62
   257
176
     1
 90
        1
176
     1
 90
        1
176
     1
 40
179.0
176
     1
 90
        8
176
     1
 62
     7
176
     1
 40
1.0
176
     1
 90
        1
176
     1
 90
        6
176
     1
 90
        2
176
     1
 62
     7
176
     1
 90
        3
176
     1
 90
        0
176
     1
 90
        0
176
     1
290
     0
176
     1
 90
        1
176
     1
 40
0.0
176
     1
 90
        0
176
     1
290
     0
176
     1
290
     1
176
     1
290
     1
176
     1
290
     0
176
     1
290
     0
176
     1
290
     0
176
     1
290
     0
176
     1
290
     0
176
     1
290
     0
176
     1
 90
       50
176
     1
 40
0.0
176
     1
 40
1.0
176
     1
 90
        0
176
     1
 62
    18
420
        0
176
     1
 90
       50
176
     1
 90
        3
176
     1
 62
     5
420
      255
176
     1
290
     0
176
     1
 90
       50
176
     1
 90
       50
176
     1
 90
       50
176
     1
290
     0
176
     1
 90
       50
176
     1
 62
   256
176
     0
 40
1.0
176
     0
 90
        2
176
     1
  1
strokes_ogs.tif
176
     1
290
     0
176
     1
 40
1.0
176
     1
 40
1.0
176
     1
  0
VISUALSTYLE
  5
1085
102
{ACAD_REACTORS
330
107A
102
}
330
107A
100
AcDbVisualStyle
  2
Dim
 70
    11
177
     3
291
     1
 70
    58
 90
        2
176
     1
 90
        2
176
     1
 90
        0
176
     1
 90
        0
176
     1
 40
0.6
176
     1
 40
30.0
176
     1
 62
     7
420
 16777215
176
     1
 90
        1
176
     1
 90
        4
176
     1
 62
     7
176
     1
 62
   257
176
     1
 90
        1
176
     1
 90
        1
176
     1
 40
1.0
176
     1
 90
        8
176
     1
 62
     7
176
     1
 40
1.0
176
     1
 90
        1
176
     1
 90
        6
176
     1
 90
        2
176
     1
 62
     7
176
     1
 90
        5
176
     1
 90
        0
176
     1
 90
        0
176
     1
290
     0
176
     1
 90
        1
176
     1
 40
-50.0
176
     1
 90
        0
176
     1
290
     0
176
     1
290
     1
176
     1
290
     1
176
     1
290
     0
176
     1
290
     0
176
     1
290
     0
176
     1
290
     0
176
     1
290
     0
176
     1
290
     0
176
     1
 90
       50
176
     1
 40
0.0
176
     1
 40
1.0
176
     1
 90
        0
176
     1
 62
    18
420
        0
176
     1
 90
       50
176
     1
 90
        3
176
     1
 62
     5
420
      255
176
     1
290
     0
176
     1
 90
       50
176
     1
 90
       50
176
     1
 90
       50
176
     1
290
     0
176
     1
 90
       50
176
     1
 62
   256
176
     0
 40
1.0
176
     0
 90
        2
176
     1
  1
strokes_ogs.tif
176
     1
290
     0
176
     1
 40
1.0
176
     1
 40
1.0
176
     1
  0
VISUALSTYLE
  5
1092
102
{ACAD_REACTORS
330
107A
102
}
330
107A
100
AcDbVisualStyle
  2
EdgeColorOff
 70
    22
177
     3
291
     1
 70
    58
 90
        2
176
     0
 90
        2
176
     0
 90
        0
176
     0
 90
        0
176
     0
 40
0.6
176
     0
 40
30.0
176
     0
 62
     7
420
 16777215
176
     0
 90
        1
176
     0
 90
        4
176
     0
 62
     7
176
     0
 62
   257
176
     0
 90
        1
176
     0
 90
        1
176
     0
 40
1.0
176
     0
 90
        8
176
     2
 62
     7
176
     0
 40
1.0
176
     0
 90
        1
176
     0
 90
        6
176
     0
 90
        2
176
     0
 62
     7
176
     0
 90
        5
176
     0
 90
        0
176
     0
 90
        0
176
     0
290
     0
176
     0
 90
        1
176
     0
 40
0.0
176
     0
 90
        0
176
     0
290
     0
176
     1
290
     1
176
     1
290
     1
176
     1
290
     0
176
     1
290
     0
176
     1
290
     0
176
     1
290
     0
176
     1
290
     0
176
     1
290
     0
176
     1
 90
       50
176
     0
 40
0.0
176
     0
 40
1.0
176
     0
 90
        0
176
     0
 62
    18
420
        0
176
     0
 90
       50
176
     0
 90
        3
176
     0
 62
     5
420
      255
176
     0
290
     0
176
     1
 90
       50
176
     0
 90
       50
176
     0
 90
       50
176
     0
290
     0
176
     1
 90
       50
176
     0
 62
   256
176
     0
 40
1.0
176
     0
 90
        2
176
     0
  1
strokes_ogs.tif
176
     0
290
     0
176
     1
 40
1.0
176
     0
 40
1.0
176
     0
  0
VISUALSTYLE
  5
1089
102
{ACAD_REACTORS
330
107A
102
}
330
107A
100
AcDbVisualStyle
  2
Facepattern
 70
    15
177
     3
291
     1
 70
    58
 90
        2
176
     1
 90
        2
176
     1
 90
        0
176
     1
 90
        0
176
     1
 40
0.6
176
     1
 40
30.0
176
     1
 62
     7
420
 16777215
176
     1
 90
        1
176
     1
 90
        4
176
     1
 62
     7
176
     1
 62
   257
176
     1
 90
        1
176
     1
 90
        1
176
     1
 40
1.0
176
     1
 90
        8
176
     1
 62
     7
176
     1
 40
1.0
176
     1
 90
        1
176
     1
 90
        6
176
     1
 90
        2
176
     1
 62
     7
176
     1
 90
        5
176
     1
 90
        0
176
     1
 90
        0
176
     1
290
     0
176
     1
 90
        1
176
     1
 40
0.0
176
     1
 90
        0
176
     1
290
     0
176
     1
290
     1
176
     1
290
     1
176
     1
290
     0
176
     1
290
     0
176
     1
290
     0
176
     1
290
     0
176
     1
290
     0
176
     1
290
     0
176
     1
 90
       50
176
     1
 40
0.0
176
     1
 40
1.0
176
     1
 90
        0
176
     1
 62
    18
420
        0
176
     1
 90
       50
176
     1
 90
        3
176
     1
 62
     5
420
      255
176
     1
290
     0
176
     1
 90
       50
176
     1
 90
       50
176
     1
 90
       50
176
     1
290
     0
176
     1
 90
       50
176
     1
 62
   256
176
     0
 40
1.0
176
     0
 90
        2
176
     1
  1
strokes_ogs.tif
176
     1
290
     0
176
     1
 40
1.0
176
     1
 40
1.0
176
     1
  0
VISUALSTYLE
  5
107B
102
{ACAD_REACTORS
330
107A
102
}
330
107A
100
AcDbVisualStyle
  2
Flat
 70
     0
177
     3
291
     1
 70
    58
 90
        2
176
     1
 90
        1
176
     1
 90
        1
176
     1
 90
        2
176
     1
 40
0.6
176
     1
 40
30.0
176
     1
 62
     7
420
 16777215
176
     1
 90
        0
176
     1
 90
        0
176
     1
 62
     7
176
     1
 62
   257
176
     1
 90
        1
176
     1
 90
        1
176
     1
 40
1.0
176
     1
 90
        8
176
     1
 62
     7
176
     1
 40
1.0
176
     1
 90
        1
176
     1
 90
        6
176
     1
 90
        2
176
     1
 62
     7
176
     1
 90
        5
176
     1
 90
        0
176
     1
 90
        0
176
     1
290
     0
176
     1
 90
       13
176
     1
 40
0.0
176
     1
 90
        0
176
     1
290
     0
176
     1
290
     1
176
     1
290
     1
176
     1
290
     0
176
     1
290
     0
176
     1
290
     0
176
     1
290
     0
176
     1
290
     0
176
     1
290
     0
176
     1
 90
       50
176
     1
 40
0.0
176
     1
 40
1.0
176
     1
 90
        0
176
     1
 62
    18
420
        0
176
     1
 90
       50
176
     1
 90
        3
176
     1
 62
     5
420
      255
176
     1
290
     0
176
     1
 90
       50
176
     1
 90
       50
176
     1
 90
       50
176
     1
290
     0
176
     1
 90
       50
176
     1
 62
   256
176
     0
 40
1.0
176
     0
 90
        2
176
     1
  1
strokes_ogs.tif
176
     1
290
     0
176
     1
 40
1.0
176
     1
 40
1.0
176
     1
  0
VISUALSTYLE
  5
107C
102
{ACAD_REACTORS
330
107A
102
}
330
107A
100
AcDbVisualStyle
  2
FlatWithEdges
 70
     1
177
     3
291
     1
 70
    58
 90
        2
176
     1
 90
        1
176
     1
 90
        1
176
     1
 90
        2
176
     1
 40
0.6
176
     1
 40
30.0
176
     1
 62
     7
420
 16777215
176
     1
 90
        1
176
     1
 90
        0
176
     1
 62
     7
176
     1
 62
   257
176
     1
 90
        1
176
     1
 90
        1
176
     1
 40
1.0
176
     1
 90
        0
176
     1
 62
   257
176
     1
 40
1.0
176
     1
 90
        1
176
     1
 90
        6
176
     1
 90
        2
176
     1
 62
     7
176
     1
 90
        5
176
     1
 90
        0
176
     1
 90
        0
176
     1
290
     0
176
     1
 90
       13
176
     1
 40
0.0
176
     1
 90
        0
176
     1
290
     0
176
     1
290
     1
176
     1
290
     1
176
     1
290
     0
176
     1
290
     0
176
     1
290
     0
176
     1
290
     0
176
     1
290
     0
176
     1
290
     0
176
     1
 90
       50
176
     1
 40
0.0
176
     1
 40
1.0
176
     1
 90
        0
176
     1
 62
    18
420
        0
176
     1
 90
       50
176
     1
 90
        3
176
     1
 62
     5
420
      255
176
     1
290
     0
176
     1
 90
       50
176
     1
 90
       50
176
     1
 90
       50
176
     1
290
     0
176
     1
 90
       50
176
     1
 62
   256
176
     0
 40
1.0
176
     0
 90
        2
176
     1
  1
strokes_ogs.tif
176
     1
290
     0
176
     1
 40
1.0
176
     1
 40
1.0
176
     1
  0
VISUALSTYLE
  5
107D
102
{ACAD_REACTORS
330
107A
102
}
330
107A
100
AcDbVisualStyle
  2
Gouraud
 70
     2
177
     3
291
     1
 70
    58
 90
        2
176
     1
 90
        2
176
     1
 90
        1
176
     1
 90
        2
176
     1
 40
0.6
176
     1
 40
30.0
176
     1
 62
     7
420
 16777215
176
     1
 90
        0
176
     1
 90
        0
176
     1
 62
     7
176
     1
 62
   257
176
     1
 90
        1
176
     1
 90
        1
176
     1
 40
1.0
176
     1
 90
        0
176
     1
 62
     7
176
     1
 40
1.0
176
     1
 90
        1
176
     1
 90
        6
176
     1
 90
        2
176
     1
 62
     7
176
     1
 90
        5
176
     1
 90
        0
176
     1
 90
        0
176
     1
290
     0
176
     1
 90
       13
176
     1
 40
0.0
176
     1
 90
        0
176
     1
290
     0
176
     1
290
     1
176
     1
290
     1
176
     1
290
     0
176
     1
290
     0
176
     1
290
     0
176
     1
290
     0
176
     1
290
     0
176
     1
290
     0
176
     1
 90
       50
176
     1
 40
0.0
176
     1
 40
1.0
176
     1
 90
        0
176
     1
 62
    18
420
        0
176
     1
 90
       50
176
     1
 90
        3
176
     1
 62
     5
420
      255
176
     1
290
     0
176
     1
 90
       50
176
     1
 90
       50
176
     1
 90
       50
176
     1
290
     0
176
     1
 90
       50
176
     1
 62
   256
176
     0
 40
1.0
176
     0
 90
        2
176
     1
  1
strokes_ogs.tif
176
     1
290
     0
176
     1
 40
1.0
176
     1
 40
1.0
176
     1
  0
VISUALSTYLE
  5
107E
102
{ACAD_REACTORS
330
107A
102
}
330
107A
100
AcDbVisualStyle
  2
GouraudWithEdges
 70
     3
177
     3
291
     1
 70
    58
 90
        2
176
     1
 90
        2
176
     1
 90
        1
176
     1
 90
        2
176
     1
 40
0.6
176
     1
 40
30.0
176
     1
 62
     7
420
 16777215
176
     1
 90
        1
176
     1
 90
        0
176
     1
 62
     7
176
     1
 62
   257
176
     1
 90
        1
176
     1
 90
        1
176
     1
 40
1.0
176
     1
 90
        0
176
     1
 62
   257
176
     1
 40
1.0
176
     1
 90
        1
176
     1
 90
        6
176
     1
 90
        2
176
     1
 62
     7
176
     1
 90
        5
176
     1
 90
        0
176
     1
 90
        0
176
     1
290
     0
176
     1
 90
       13
176
     1
 40
0.0
176
     1
 90
        0
176
     1
290
     0
176
     1
290
     1
176
     1
290
     1
176
     1
290
     0
176
     1
290
     0
176
     1
290
     0
176
     1
290
     0
176
     1
290
     0
176
     1
290
     0
176
     1
 90
       50
176
     1
 40
0.0
176
     1
 40
1.0
176
     1
 90
        0
176
     1
 62
    18
420
        0
176
     1
 90
       50
176
     1
 90
        3
176
     1
 62
     5
420
      255
176
     1
290
     0
176
     1
 90
       50
176
     1
 90
       50
176
     1
 90
       50
176
     1
290
     0
176
     1
 90
       50
176
     1
 62
   256
176
     0
 40
1.0
176
     0
 90
        2
176
     1
  1
strokes_ogs.tif
176
     1
290
     0
176
     1
 40
1.0
176
     1
 40
1.0
176
     1
  0
VISUALSTYLE
  5
1082
102
{ACAD_REACTORS
330
107A
102
}
330
107A
100
AcDbVisualStyle
  2
Hidden
 70
     6
177
     3
291
     0
 70
    58
 90
        1
176
     1
 90
        2
176
     1
 90
        2
176
     1
 90
        0
176
     1
 40
0.6
176
     1
 40
30.0
176
     1
 62
     7
420
 16777215
176
     1
 90
        2
176
     1
 90
        2
176
     1
 62
     7
176
     1
 62
   257
176
     1
 90
        2
176
     1
 90
        1
176
     1
 40
40.0
176
     1
 90
        0
176
     1
 62
   257
176
     1
 40
1.0
176
     1
 90
        1
176
     1
 90
        6
176
     1
 90
        2
176
     1
 62
     7
176
     1
 90
        3
176
     1
 90
        0
176
     1
 90
        0
176
     1
290
     0
176
     1
 90
        1
176
     1
 40
0.0
176
     1
 90
        0
176
     1
290
     0
176
     1
290
     1
176
     1
290
     1
176
     1
290
     0
176
     1
290
     0
176
     1
290
     0
176
     1
290
     0
176
     1
290
     0
176
     1
290
     0
176
     1
 90
       50
176
     1
 40
0.0
176
     1
 40
1.0
176
     1
 90
        0
176
     1
 62
    18
420
        0
176
     1
 90
       50
176
     1
 90
        3
176
     1
 62
     5
420
      255
176
     1
290
     0
176
     1
 90
       50
176
     1
 90
       50
176
     1
 90
       50
176
     1
290
     0
176
     1
 90
       50
176
     1
 62
   256
176
     0
 40
1.0
176
     0
 90
        2
176
     1
  1
strokes_ogs.tif
176
     1
290
     0
176
     1
 40
1.0
176
     1
 40
1.0
176
     1
  0
VISUALSTYLE
  5
1090
102
{ACAD_REACTORS
330
107A
102
}
330
107A
100
AcDbVisualStyle
  2
JitterOff
 70
    20
177
     3
291
     1
 70
    58
 90
        2
176
     0
 90
        2
176
     0
 90
        0
176
     0
 90
        0
176
     0
 40
0.6
176
     0
 40
30.0
176
     0
 62
     7
420
 16777215
176
     0
 90
        1
176
     0
 90
        4
176
     0
 62
     7
176
     0
 62
   257
176
     0
 90
        1
176
     0
 90
        1
176
     0
 40
1.0
176
     0
 90
       10
176
     2
 62
     7
176
     0
 40
1.0
176
     0
 90
        1
176
     0
 90
        6
176
     0
 90
        2
176
     0
 62
     7
176
     0
 90
        5
176
     0
 90
        0
176
     0
 90
        0
176
     0
290
     0
176
     0
 90
        1
176
     0
 40
0.0
176
     0
 90
        0
176
     0
290
     0
176
     1
290
     1
176
     1
290
     1
176
     1
290
     0
176
     1
290
     0
176
     1
290
     0
176
     1
290
     0
176
     1
290
     0
176
     1
290
     0
176
     1
 90
       50
176
     0
 40
0.0
176
     0
 40
1.0
176
     0
 90
        0
176
     0
 62
    18
420
        0
176
     0
 90
       50
176
     0
 90
        3
176
     0
 62
     5
420
      255
176
     0
290
     0
176
     1
 90
       50
176
     0
 90
       50
176
     0
 90
       50
176
     0
290
     0
176
     1
 90
       50
176
     0
 62
   256
176
     0
 40
1.0
176
     0
 90
        2
176
     0
  1
strokes_ogs.tif
176
     0
290
     0
176
     1
 40
1.0
176
     0
 40
1.0
176
     0
  0
VISUALSTYLE
  5
1088
102
{ACAD_REACTORS
330
107A
102
}
330
107A
100
AcDbVisualStyle
  2
Linepattern
 70
    14
177
     3
291
     1
 70
    58
 90
        2
176
     1
 90
        2
176
     1
 90
        0
176
     1
 90
        0
176
     1
 40
0.6
176
     1
 40
30.0
176
     1
 62
     7
420
 16777215
176
     1
 90
        1
176
     1
 90
        4
176
     1
 62
     7
176
     1
 62
   257
176
     1
 90
        7
176
     1
 90
        7
176
     1
 40
1.0
176
     1
 90
        8
176
     1
 62
     7
176
     1
 40
1.0
176
     1
 90
        1
176
     1
 90
        6
176
     1
 90
        2
176
     1
 62
     7
176
     1
 90
        5
176
     1
 90
        0
176
     1
 90
        0
176
     1
290
     0
176
     1
 90
        1
176
     1
 40
0.0
176
     1
 90
        0
176
     1
290
     0
176
     1
290
     1
176
     1
290
     1
176
     1
290
     0
176
     1
290
     0
176
     1
290
     0
176
     1
290
     0
176
     1
290
     0
176
     1
290
     0
176
     1
 90
       50
176
     1
 40
0.0
176
     1
 40
1.0
176
     1
 90
        0
176
     1
 62
    18
420
        0
176
     1
 90
       50
176
     1
 90
        3
176
     1
 62
     5
420
      255
176
     1
290
     0
176
     1
 90
       50
176
     1
 90
       50
176
     1
 90
       50
176
     1
290
     0
176
     1
 90
       50
176
     1
 62
   256
176
     0
 40
1.0
176
     0
 90
        2
176
     1
  1
strokes_ogs.tif
176
     1
290
     0
176
     1
 40
1.0
176
     1
 40
1.0
176
     1
  0
VISUALSTYLE
  5
1091
102
{ACAD_REACTORS
330
107A
102
}
330
107A
100
AcDbVisualStyle
  2
OverhangOff
 70
    21
177
     3
291
     1
 70
    58
 90
        2
176
     0
 90
        2
176
     0
 90
        0
176
     0
 90
        0
176
     0
 40
0.6
176
     0
 40
30.0
176
     0
 62
     7
420
 16777215
176
     0
 90
        1
176
     0
 90
        4
176
     0
 62
     7
176
     0
 62
   257
176
     0
 90
        1
176
     0
 90
        1
176
     0
 40
1.0
176
     0
 90
        9
176
     2
 62
     7
176
     0
 40
1.0
176
     0
 90
        1
176
     0
 90
        6
176
     0
 90
        2
176
     0
 62
     7
176
     0
 90
        5
176
     0
 90
        0
176
     0
 90
        0
176
     0
290
     0
176
     0
 90
        1
176
     0
 40
0.0
176
     0
 90
        0
176
     0
290
     0
176
     1
290
     1
176
     1
290
     1
176
     1
290
     0
176
     1
290
     0
176
     1
290
     0
176
     1
290
     0
176
     1
290
     0
176
     1
290
     0
176
     1
 90
       50
176
     0
 40
0.0
176
     0
 40
1.0
176
     0
 90
        0
176
     0
 62
    18
420
        0
176
     0
 90
       50
176
     0
 90
        3
176
     0
 62
     5
420
      255
176
     0
290
     0
176
     1
 90
       50
176
     0
 90
       50
176
     0
 90
       50
176
     0
290
     0
176
     1
 90
       50
176
     0
 62
   256
176
     0
 40
1.0
176
     0
 90
        2
176
     0
  1
strokes_ogs.tif
176
     0
290
     0
176
     1
 40
1.0
176
     0
 40
1.0
176
     0
  0
VISUALSTYLE
  5
1084
102
{ACAD_REACTORS
330
107A
102
}
330
107A
100
AcDbVisualStyle
  2
Realistic
 70
     8
177
     3
291
     0
 70
    58
 90
        2
176
     1
 90
        3
176
     1
 90
        0
176
     1
 90
        2
176
     1
 40
0.6
176
     1
 40
30.0
176
     1
 62
     7
420
 16777215
176
     1
 90
        0
176
     1
 90
        0
176
     1
 62
     7
176
     1
 62
   257
176
     1
 90
        1
176
     1
 90
        1
176
     1
 40
1.0
176
     1
 90
        8
176
     1
 62
   257
176
     1
 40
1.0
176
     1
 90
        1
176
     1
 90
        6
176
     1
 90
        2
176
     1
 62
     7
176
     1
 90
        3
176
     1
 90
        0
176
     1
 90
        0
176
     1
290
     0
176
     1
 90
       13
176
     1
 40
0.0
176
     1
 90
        0
176
     1
290
     0
176
     1
290
     1
176
     1
290
     1
176
     1
290
     0
176
     1
290
     0
176
     1
290
     0
176
     1
290
     0
176
     1
290
     0
176
     1
290
     0
176
     1
 90
       50
176
     1
 40
0.0
176
     1
 40
1.0
176
     1
 90
        0
176
     1
 62
    18
420
        0
176
     1
 90
       50
176
     1
 90
        3
176
     1
 62
     5
420
      255
176
     1
290
     0
176
     1
 90
       50
176
     1
 90
       50
176
     1
 90
       50
176
     1
290
     0
176
     1
 90
       50
176
     1
 62
   256
176
     0
 40
1.0
176
     0
 90
        2
176
     1
  1
strokes_ogs.tif
176
     1
290
     0
176
     1
 40
1.0
176
     1
 40
1.0
176
     1
  0
VISUALSTYLE
  5
108F
102
{ACAD_REACTORS
330
107A
102
}
330
107A
100
AcDbVisualStyle
  2
Shaded
 70
    27
177
     3
291
     0
 70
    58
 90
        2
176
     1
 90
        2
176
     1
 90
        1
176
     1
 90
        2
176
     1
 40
0.6
176
     1
 40
30.0
176
     1
 62
     7
420
 16777215
176
     1
 90
        0
176
     1
 90
        4
176
     1
 62
     7
176
     1
 62
   257
176
     1
 90
        1
176
     1
 90
        1
176
     1
 40
1.0
176
     1
 90
        8
176
     1
 62
   257
176
     1
 40
1.0
176
     1
 90
        1
176
     1
 90
        6
176
     1
 90
        2
176
     1
 62
     8
420
  7895160
176
     1
 90
        3
176
     1
 90
        0
176
     1
 90
        0
176
     1
290
     0
176
     1
 90
        5
176
     1
 40
0.0
176
     1
 90
        0
176
     1
290
     0
176
     1
290
     1
176
     1
290
     1
176
     1
290
     0
176
     1
290
     0
176
     1
290
     0
176
     1
290
     0
176
     1
290
     0
176
     1
290
     0
176
     1
 90
       50
176
     1
 40
0.0
176
     1
 40
1.0
176
     1
 90
        0
176
     1
 62
    18
420
        0
176
     1
 90
       50
176
     1
 90
        3
176
     1
 62
     5
420
      255
176
     1
290
     0
176
     1
 90
       50
176
     1
 90
       50
176
     1
 90
       50
176
     1
290
     0
176
     1
 90
       50
176
     1
 62
   256
176
     0
 40
1.0
176
     0
 90
        2
176
     1
  1
strokes_ogs.tif
176
     1
290
     0
176
     1
 40
1.0
176
     1
 40
1.0
176
     1
  0
VISUALSTYLE
  5
108E
102
{ACAD_REACTORS
330
107A
102
}
330
107A
100
AcDbVisualStyle
  2
Shaded with edges
 70
    26
177
     3
291
     0
 70
    58
 90
        2
176
     1
 90
        2
176
     1
 90
        1
176
     1
 90
        2
176
     1
 40
0.6
176
     1
 40
30.0
176
     1
 62
     7
420
 16777215
176
     1
 90
        1
176
     1
 90
        2
176
     1
 62
     7
176
     1
 62
   257
176
     1
 90
        2
176
     1
 90
        1
176
     1
 40
1.0
176
     1
 90
        8
176
     1
 62
   257
176
     1
 40
1.0
176
     1
 90
        1
176
     1
 90
        6
176
     1
 90
        2
176
     1
 62
     7
176
     1
 90
        3
176
     1
 90
        0
176
     1
 90
        0
176
     1
290
     0
176
     1
 90
        5
176
     1
 40
0.0
176
     1
 90
        0
176
     1
290
     0
176
     1
290
     1
176
     1
290
     1
176
     1
290
     0
176
     1
290
     0
176
     1
290
     0
176
     1
290
     0
176
     1
290
     0
176
     1
290
     0
176
     1
 90
       50
176
     1
 40
0.0
176
     1
 40
1.0
176
     1
 90
        0
176
     1
 62
    18
420
        0
176
     1
 90
       50
176
     1
 90
        3
176
     1
 62
     5
420
      255
176
     1
290
     0
176
     1
 90
       50
176
     1
 90
       50
176
     1
 90
       50
176
     1
290
     0
176
     1
 90
       50
176
     1
 62
   256
176
     0
 40
1.0
176
     0
 90
        2
176
     1
  1
strokes_ogs.tif
176
     1
290
     0
176
     1
 40
1.0
176
     1
 40
1.0
176
     1
  0
VISUALSTYLE
  5
108B
102
{ACAD_REACTORS
330
107A
102
}
330
107A
100
AcDbVisualStyle
  2
Shades of Gray
 70
    23
177
     3
291
     0
 70
    58
 90
        2
176
     1
 90
        2
176
     1
 90
        3
176
     1
 90
        0
176
     1
 40
0.6
176
     1
 40
30.0
176
     1
 62
     7
420
 16777215
176
     1
 90
        2
176
     1
 90
        2
176
     1
 62
     7
176
     1
 62
     7
176
     1
 90
        1
176
     1
 90
        1
176
     1
 40
40.0
176
     1
 90
        8
176
     1
 62
     7
176
     1
 40
1.0
176
     1
 90
        1
176
     1
 90
        6
176
     1
 90
        2
176
     1
 62
     7
176
     1
 90
        3
176
     1
 90
        0
176
     1
 90
        0
176
     1
290
     0
176
     1
 90
        1
176
     1
 40
0.0
176
     1
 90
        0
176
     1
290
     0
176
     1
290
     1
176
     1
290
     1
176
     1
290
     0
176
     1
290
     0
176
     1
290
     0
176
     1
290
     0
176
     1
290
     0
176
     1
290
     0
176
     1
 90
       50
176
     1
 40
0.0
176
     1
 40
1.0
176
     1
 90
        0
176
     1
 62
    18
420
        0
176
     1
 90
       50
176
     1
 90
        3
176
     1
 62
     5
420
      255
176
     1
290
     0
176
     1
 90
       50
176
     1
 90
       50
176
     1
 90
       50
176
     1
290
     0
176
     1
 90
       50
176
     1
 62
   256
176
     0
 40
1.0
176
     0
 90
        2
176
     1
  1
strokes_ogs.tif
176
     1
290
     0
176
     1
 40
1.0
176
     1
 40
1.0
176
     1
  0
VISUALSTYLE
  5
108C
102
{ACAD_REACTORS
330
107A
102
}
330
107A
100
AcDbVisualStyle
  2
Sketchy
 70
    24
177
     3
291
     0
 70
    58
 90
        1
176
     1
 90
        2
176
     1
 90
        2
176
     1
 90
        0
176
     1
 40
0.6
176
     1
 40
30.0
176
     1
 62
     7
420
 16777215
176
     1
 90
        2
176
     1
 90
        2
176
     1
 62
     7
176
     1
 62
     7
176
     1
 90
        1
176
     1
 90
        1
176
     1
 40
40.0
176
     1
 90
       11
176
     1
 62
     7
176
     1
 40
1.0
176
     1
 90
        1
176
     1
 90
        6
176
     1
 90
        2
176
     1
 62
     7
176
     1
 90
        6
176
     1
 90
        0
176
     1
 90
        0
176
     1
290
     0
176
     1
 90
        1
176
     1
 40
0.0
176
     1
 90
        0
176
     1
290
     0
176
     1
290
     1
176
     1
290
     1
176
     1
290
     0
176
     1
290
     0
176
     1
290
     0
176
     1
290
     0
176
     1
290
     0
176
     1
290
     0
176
     1
 90
       50
176
     1
 40
0.0
176
     1
 40
1.0
176
     1
 90
        0
176
     1
 62
    18
420
        0
176
     1
 90
       50
176
     1
 90
        3
176
     1
 62
     5
420
      255
176
     1
290
     0
176
     1
 90
       50
176
     1
 90
       50
176
     1
 90
       50
176
     1
290
     0
176
     1
 90
       50
176
     1
 62
   256
176
     0
 40
1.0
176
     0
 90
        2
176
     1
  1
strokes_ogs.tif
176
     1
290
     0
176
     1
 40
1.0
176
     1
 40
1.0
176
     1
  0
VISUALSTYLE
  5
1087
102
{ACAD_REACTORS
330
107A
102
}
330
107A
100
AcDbVisualStyle
  2
Thicken
 70
    13
177
     3
291
     1
 70
    58
 90
        2
176
     1
 90
        2
176
     1
 90
        0
176
     1
 90
        0
176
     1
 40
0.6
176
     1
 40
30.0
176
     1
 62
     7
420
 16777215
176
     1
 90
        1
176
     1
 90
        4
176
     1
 62
     7
176
     1
 62
   257
176
     1
 90
        1
176
     1
 90
        1
176
     1
 40
1.0
176
     1
 90
       12
176
     1
 62
     7
176
     1
 40
1.0
176
     1
 90
        1
176
     1
 90
        6
176
     1
 90
        2
176
     1
 62
     7
176
     1
 90
        5
176
     1
 90
        0
176
     1
 90
        0
176
     1
290
     0
176
     1
 90
        1
176
     1
 40
0.0
176
     1
 90
        0
176
     1
290
     0
176
     1
290
     1
176
     1
290
     1
176
     1
290
     0
176
     1
290
     0
176
     1
290
     0
176
     1
290
     0
176
     1
290
     0
176
     1
290
     0
176
     1
 90
       50
176
     1
 40
0.0
176
     1
 40
1.0
176
     1
 90
        0
176
     1
 62
    18
420
        0
176
     1
 90
       50
176
     1
 90
        3
176
     1
 62
     5
420
      255
176
     1
290
     0
176
     1
 90
       50
176
     1
 90
       50
176
     1
 90
       50
176
     1
290
     0
176
     1
 90
       50
176
     1
 62
   256
176
     0
 40
1.0
176
     0
 90
        2
176
     1
  1
strokes_ogs.tif
176
     1
290
     0
176
     1
 40
1.0
176
     1
 40
1.0
176
     1
  0
VISUALSTYLE
  5
1081
102
{ACAD_REACTORS
330
107A
102
}
330
107A
100
AcDbVisualStyle
  2
Wireframe
 70
     5
177
     3
291
     0
 70
    58
 90
        0
176
     1
 90
        2
176
     1
 90
        0
176
     1
 90
        0
176
     1
 40
0.6
176
     1
 40
30.0
176
     1
 62
     7
420
 16777215
176
     1
 90
        1
176
     1
 90
        4
176
     1
 62
     7
176
     1
 62
   257
176
     1
 90
        1
176
     1
 90
        1
176
     1
 40
1.0
176
     1
 90
        0
176
     1
 62
   257
176
     1
 40
1.0
176
     1
 90
        1
176
     1
 90
        6
176
     1
 90
        2
176
     1
 62
     7
176
     1
 90
        3
176
     1
 90
        0
176
     1
 90
        0
176
     1
290
     0
176
     1
 90
        1
176
     1
 40
0.0
176
     1
 90
        0
176
     1
290
     0
176
     1
290
     1
176
     1
290
     1
176
     1
290
     0
176
     1
290
     0
176
     1
290
     0
176
     1
290
     0
176
     1
290
     0
176
     1
290
     0
176
     1
 90
       50
176
     1
 40
0.0
176
     1
 40
1.0
176
     1
 90
        0
176
     1
 62
    18
420
        0
176
     1
 90
       50
176
     1
 90
        3
176
     1
 62
     5
420
      255
176
     1
290
     0
176
     1
 90
       50
176
     1
 90
       50
176
     1
 90
       50
176
     1
290
     0
176
     1
 90
       50
176
     1
 62
   256
176
     0
 40
1.0
176
     0
 90
        2
176
     1
  1
strokes_ogs.tif
176
     1
290
     0
176
     1
 40
1.0
176
     1
 40
1.0
176
     1
  0
VISUALSTYLE
  5
108D
102
{ACAD_REACTORS
330
107A
102
}
330
107A
100
AcDbVisualStyle
  2
X-Ray
 70
    25
177
     3
291
     0
 70
    58
 90
        2
176
     1
 90
        2
176
     1
 90
        1
176
     1
 90
        1
176
     1
 40
0.5
176
     1
 40
30.0
176
     1
 62
     7
420
 16777215
176
     1
 90
        1
176
     1
 90
        0
176
     1
 62
     7
176
     1
 62
   257
176
     1
 90
        1
176
     1
 90
        1
176
     1
 40
1.0
176
     1
 90
        8
176
     1
 62
     7
176
     1
 40
1.0
176
     1
 90
        1
176
     1
 90
        6
176
     1
 90
        2
176
     1
 62
     7
176
     1
 90
        3
176
     1
 90
        0
176
     1
 90
        0
176
     1
290
     0
176
     1
 90
       13
176
     1
 40
0.0
176
     1
 90
        0
176
     1
290
     0
176
     1
290
     1
176
     1
290
     1
176
     1
290
     0
176
     1
290
     0
176
     1
290
     0
176
     1
290
     0
176
     1
290
     0
176
     1
290
     0
176
     1
 90
       50
176
     1
 40
0.0
176
     1
 40
1.0
176
     1
 90
        0
176
     1
 62
    18
420
        0
176
     1
 90
       50
176
     1
 90
        3
176
     1
 62
     5
420
      255
176
     1
290
     0
176
     1
 90
       50
176
     1
 90
       50
176
     1
 90
       50
176
     1
290
     0
176
     1
 90
       50
176
     1
 62
   256
176
     0
 40
1.0
176
     0
 90
        2
176
     1
  1
strokes_ogs.tif
176
     1
290
     0
176
     1
 40
1.0
176
     1
 40
1.0
176
     1
  0
DICTIONARYVAR
  5
14BF
102
{ACAD_REACTORS
330
10CE
102
}
330
10CE
100
DictionaryVariables
280
     0
  1
1
  0
DICTIONARYVAR
  5
10D6
102
{ACAD_REACTORS
330
10CE
102
}
330
10CE
100
DictionaryVariables
280
     0
  1
1:1
  0
DICTIONARYVAR
  5
10D2
102
{ACAD_REACTORS
330
10CE
102
}
330
10CE
100
DictionaryVariables
280
     0
  1
STANDARD
  0
DICTIONARYVAR
  5
10D1
102
{ACAD_REACTORS
330
10CE
102
}
330
10CE
100
DictionaryVariables
280
     0
  1
STANDARD
  0
DICTIONARYVAR
  5
10D3
102
{ACAD_REACTORS
330
10CE
102
}
330
10CE
100
DictionaryVariables
280
     0
  1
Imperial24
  0
DICTIONARYVAR
  5
10D4
102
{ACAD_REACTORS
330
10CE
102
}
330
10CE
100
DictionaryVariables
280
     0
  1
Imperial24
  0
DICTIONARYVAR
  5
10D8
102
{ACAD_REACTORS
330
10CE
102
}
330
10CE
100
DictionaryVariables
280
     0
  1
1
  0
DICTIONARYVAR
  5
10D9
102
{ACAD_REACTORS
330
10CE
102
}
330
10CE
100
DictionaryVariables
280
     0
  1
15
  0
DICTIONARYVAR
  5
10D7
102
{ACAD_REACTORS
330
10CE
102
}
330
10CE
100
DictionaryVariables
280
     0
  1
0
  0
DICTIONARYVAR
  5
10D5
102
{ACAD_REACTORS
330
10CE
102
}
330
10CE
100
DictionaryVariables
280
     0
  1
0
  0
XRECORD
  5
1764
102
{ACAD_REACTORS
330
1763
102
}
330
1763
100
AcDbXrecord
280
     1
300
Dimension Styles
301
2.0
302
Checks that names and properties of dimension styles in a drawing match those in an associated standards file.
303
Autodesk, Inc.
304
http://www.autodesk.com
  0
XRECORD
  5
1765
102
{ACAD_REACTORS
330
1763
102
}
330
1763
100
AcDbXrecord
280
     1
300
Layers
301
2.0
302
Checks that names and properties of layers in a drawing match those in an associated standards file.
303
Autodesk, Inc.
304
http://www.autodesk.com
  0
XRECORD
  5
1766
102
{ACAD_REACTORS
330
1763
102
}
330
1763
100
AcDbXrecord
280
     1
300
Linetypes
301
2.0
302
Checks that names and properties of linetypes in a drawing match those in an associated standards file.
303
Autodesk, Inc.
304
http://www.autodesk.com
  0
XRECORD
  5
1767
102
{ACAD_REACTORS
330
1763
102
}
330
1763
100
AcDbXrecord
280
     1
300
Multileader Styles
301
2.0
302
Checks that styles and properties of mleaders in a drawing match those in an associated standards file.
303
Autodesk, Inc.
304
http://www.autodesk.com
  0
XRECORD
  5
1768
102
{ACAD_REACTORS
330
1763
102
}
330
1763
100
AcDbXrecord
280
     1
300
Text Styles
301
2.0
302
Checks that names and properties of text styles in a drawing match those in an associated standards file.
303
Autodesk, Inc.
304
http://www.autodesk.com
  0
DICTIONARY
  5
106B
330
106A
100
AcDbDictionary
280
     1
281
     1
  3
BUMPTILE
360
106D
  3
DIFFUSETILE
360
106C
  3
OPACITYTILE
360
1070
  3
REFLECTIONTILE
360
106F
  3
REFRACTIONTILE
360
1071
  3
SPECULARTILE
360
106E
  0
DICTIONARY
  5
1063
330
1062
100
AcDbDictionary
280
     1
281
     1
  3
BUMPTILE
360
1065
  3
DIFFUSETILE
360
1064
  3
OPACITYTILE
360
1068
  3
REFLECTIONTILE
360
1067
  3
REFRACTIONTILE
360
1069
  3
SPECULARTILE
360
1066
  0
DICTIONARY
  5
1073
330
1072
100
AcDbDictionary
280
     1
281
     1
  3
BUMPTILE
360
1075
  3
DIFFUSETILE
360
1074
  3
OPACITYTILE
360
1078
  3
REFLECTIONTILE
360
1077
  3
REFRACTIONTILE
360
1079
  3
SPECULARTILE
360
1076
  0
DICTIONARY
  5
196E
330
10B5
100
AcDbDictionary
280
     1
281
     1
  3
ACAD_ROUNDTRIP_2008_TABLESTYLE_CELLSTYLEMAP
360
196F
  0
XRECORD
  5
106D
102
{ACAD_REACTORS
330
106B
102
}
330
106B
100
AcDbXrecord
280
     1
270
     1
271
     1
  0
XRECORD
  5
106C
102
{ACAD_REACTORS
330
106B
102
}
330
106B
100
AcDbXrecord
280
     1
270
     1
271
     1
  0
XRECORD
  5
1070
102
{ACAD_REACTORS
330
106B
102
}
330
106B
100
AcDbXrecord
280
     1
270
     1
271
     1
  0
XRECORD
  5
106F
102
{ACAD_REACTORS
330
106B
102
}
330
106B
100
AcDbXrecord
280
     1
270
     1
271
     1
  0
XRECORD
  5
1071
102
{ACAD_REACTORS
330
106B
102
}
330
106B
100
AcDbXrecord
280
     1
270
     1
271
     1
  0
XRECORD
  5
106E
102
{ACAD_REACTORS
330
106B
102
}
330
106B
100
AcDbXrecord
280
     1
270
     1
271
     1
  0
XRECORD
  5
1065
102
{ACAD_REACTORS
330
1063
102
}
330
1063
100
AcDbXrecord
280
     1
270
     1
271
     1
  0
XRECORD
  5
1064
102
{ACAD_REACTORS
330
1063
102
}
330
1063
100
AcDbXrecord
280
     1
270
     1
271
     1
  0
XRECORD
  5
1068
102
{ACAD_REACTORS
330
1063
102
}
330
1063
100
AcDbXrecord
280
     1
270
     1
271
     1
  0
XRECORD
  5
1067
102
{ACAD_REACTORS
330
1063
102
}
330
1063
100
AcDbXrecord
280
     1
270
     1
271
     1
  0
XRECORD
  5
1069
102
{ACAD_REACTORS
330
1063
102
}
330
1063
100
AcDbXrecord
280
     1
270
     1
271
     1
  0
XRECORD
  5
1066
102
{ACAD_REACTORS
330
1063
102
}
330
1063
100
AcDbXrecord
280
     1
270
     1
271
     1
  0
XRECORD
  5
1075
102
{ACAD_REACTORS
330
1073
102
}
330
1073
100
AcDbXrecord
280
     1
270
     1
271
     1
  0
XRECORD
  5
1074
102
{ACAD_REACTORS
330
1073
102
}
330
1073
100
AcDbXrecord
280
     1
270
     1
271
     1
  0
XRECORD
  5
1078
102
{ACAD_REACTORS
330
1073
102
}
330
1073
100
AcDbXrecord
280
     1
270
     1
271
     1
  0
XRECORD
  5
1077
102
{ACAD_REACTORS
330
1073
102
}
330
1073
100
AcDbXrecord
280
     1
270
     1
271
     1
  0
XRECORD
  5
1079
102
{ACAD_REACTORS
330
1073
102
}
330
1073
100
AcDbXrecord
280
     1
270
     1
271
     1
  0
XRECORD
  5
1076
102
{ACAD_REACTORS
330
1073
102
}
330
1073
100
AcDbXrecord
280
     1
270
     1
271
     1
  0
CELLSTYLEMAP
  5
196F
102
{ACAD_REACTORS
330
196E
102
}
330
196E
100
AcDbCellStyleMap
 90
        3
300
CELLSTYLE
  1
TABLEFORMAT_BEGIN
 90
        5
170
     1
 91
        0
 92
    32768
 62
   257
 93
        1
300
CONTENTFORMAT
  1
CONTENTFORMAT_BEGIN
 90
        0
 91
        0
 92
      512
 93
        0
300

 40
0.0
140
1.0
 94
        5
 62
     0
340
10A6
144
0.25
309
CONTENTFORMAT_END
171
     0
 94
        0
309
TABLEFORMAT_END
  1
CELLSTYLE_BEGIN
 90
        1
 91
        1
300
_TITLE
309
CELLSTYLE_END
300
CELLSTYLE
  1
TABLEFORMAT_BEGIN
 90
        5
170
     1
 91
        0
 92
        0
 62
   257
 93
        1
300
CONTENTFORMAT
  1
CONTENTFORMAT_BEGIN
 90
        0
 91
        0
 92
      512
 93
        0
300

 40
0.0
140
1.0
 94
        5
 62
     0
340
10A6
144
0.18
309
CONTENTFORMAT_END
171
     0
 94
        0
309
TABLEFORMAT_END
  1
CELLSTYLE_BEGIN
 90
        2
 91
        1
300
_HEADER
309
CELLSTYLE_END
300
CELLSTYLE
  1
TABLEFORMAT_BEGIN
 90
        5
170
     1
 91
        0
 92
        0
 62
   257
 93
        1
300
CONTENTFORMAT
  1
CONTENTFORMAT_BEGIN
 90
        0
 91
        0
 92
      512
 93
        0
300

 40
0.0
140
1.0
 94
        2
 62
     0
340
10A6
144
0.18
309
CONTENTFORMAT_END
171
     0
 94
        0
309
TABLEFORMAT_END
  1
CELLSTYLE_BEGIN
 90
        3
 91
        2
300
_DATA
309
CELLSTYLE_END
  0
ENDSEC
  0
SECTION
  2
ACDSDATA
 70
     2
 71
     8
  0
ACDSSCHEMA
 90
        0
  1
AcDb_Thumbnail_Schema
  2
AcDbDs::ID
280
    10
 91
        8
  2
Thumbnail_Data
280
    15
 91
        0
101
ACDSRECORD
 95
        0
 90
        1
  2
AcDbDs::TreatedAsObjectData
280
     1
291
     1
101
ACDSRECORD
 95
        0
 90
        2
  2
AcDbDs::Legacy
280
     1
291
     1
101
ACDSRECORD
  1
AcDbDs::ID
 90
        3
  2
AcDs:Indexable
280
     1
291
     1
101
ACDSRECORD
  1
AcDbDs::ID
 90
        4
  2
AcDbDs::HandleAttribute
280
     7
282
     1
  0
ACDSSCHEMA
 90
        1
  1
AcDbDs::TreatedAsObjectDataSchema
  2
AcDbDs::TreatedAsObjectData
280
     1
 91
        0
  0
ACDSSCHEMA
 90
        2
  1
AcDbDs::LegacySchema
  2
AcDbDs::Legacy
280
     1
 91
        0
  0
ACDSSCHEMA
 90
        3
  1
AcDbDs::IndexedPropertySchema
  2
AcDs:Indexable
280
     1
 91
        0
  0
ACDSSCHEMA
 90
        4
  1
AcDbDs::HandleAttributeSchema
  2
AcDbDs::HandleAttribute
280
     7
 91
        1
284
     1
  0
ACDSRECORD
 90
        0
  2
AcDbDs::ID
280
    10
320
10C3
  2
Thumbnail_Data
280
    15
 94
     1234
310
89504E470D0A1A0A0000000D49484452000001000000006608030000001376BFA700000300504C5445212830FFFFFF2128300000000000000000000000000000000000000000000000000000330000660000990000CC0000FF0033000033330033660033990033CC0033FF0066000066330066660066990066CC0066FF0099
310
000099330099660099990099CC0099FF00CC0000CC3300CC6600CC9900CCCC00CCFF00FF0000FF3300FF6600FF9900FFCC00FFFF3300003300333300663300993300CC3300FF3333003333333333663333993333CC3333FF3366003366333366663366993366CC3366FF3399003399333399663399993399CC3399FF33CC00
310
33CC3333CC6633CC9933CCCC33CCFF33FF0033FF3333FF6633FF9933FFCC33FFFF6600006600336600666600996600CC6600FF6633006633336633666633996633CC6633FF6666006666336666666666996666CC6666FF6699006699336699666699996699CC6699FF66CC0066CC3366CC6666CC9966CCCC66CCFF66FF0066
310
FF3366FF6666FF9966FFCC66FFFF9900009900339900669900999900CC9900FF9933009933339933669933999933CC9933FF9966009966339966669966999966CC9966FF9999009999339999669999999999CC9999FF99CC0099CC3399CC6699CC9999CCCC99CCFF99FF0099FF3399FF6699FF9999FFCC99FFFFCC0000CC00
310
33CC0066CC0099CC00CCCC00FFCC3300CC3333CC3366CC3399CC33CCCC33FFCC6600CC6633CC6666CC6699CC66CCCC66FFCC9900CC9933CC9966CC9999CC99CCCC99FFCCCC00CCCC33CCCC66CCCC99CCCCCCCCCCFFCCFF00CCFF33CCFF66CCFF99CCFFCCCCFFFFFF0000FF0033FF0066FF0099FF00CCFF00FFFF3300FF3333
310
FF3366FF3399FF33CCFF33FFFF6600FF6633FF6666FF6699FF66CCFF66FFFF9900FF9933FF9966FF9999FF99CCFF99FFFFCC00FFCC33FFCC66FFCC99FFCCCCFFCCFFFFFF00FFFF33FFFF66FFFF99FFFFCCFFFFFF0000000D0D0D1A1A1A2828283535354343435050505D5D5D6B6B6B787878868686939393A1A1A1AEAEAEBB
310
BBBBC9C9C9D6D6D6E4E4E4F1F1F1FFFFFF0000000000000000000000000000000000000000000000000000000000002E4550F1000000F94944415478DAEDD9416EC5200C0540EE7F5FEFDBAA097508485DB41B7B46CA57FEDBE10026CA180000FCB188F84554BE0071E95780CFB17E0D3717E08ADA8C7F2CC3DD44A567FFF5
310
738E6A3FFC11F715FBA8F6F34FBB5EDA0A1F519BFE7717E0354528BF0822CFF64D54B900DF47803CF53751E902CCDF3847D50B10B3ED2940B702C461392C7F8A37817997A34851932E980BD0A80F763F066DDE0CCF67E59A059833FFA7004B54BB0069B9DF0558A3E2054887E211DBA87813583AE2266A73128A63D4A30FDC
310
B79BA8FA22B8AE78466D0E42F1DEEC62B4FA2EF0DCFA67D4E8C3C86BB27B0F00000000000000000000000000000000FEC707B3B65E568B10F48C0000000049454E44AE426082FC73056CBD8F1590FB44600AA8DD9FE41110E011E01721111111111111111111111111111191BFF002B1F4AEBACA9DE9C80000000049454E44
310
AE426082A2010000000000080920BB10E0F89F290000000000B7002429DC01000000C06A00B405000000000000080EC0C0487900064701A80EC01499F2004C932B0F1070A6E80327235291E8C5D5EF0000000049454E44AE426082
  0
ENDSEC
  0
EOF
